paper_id,license,license_url,text_included
2604.21931v1,CC BY 4.0,http://creativecommons.org/licenses/by/4.0/,yes
2604.21930v1,arXiv non-exclusive,http://arxiv.org/licenses/nonexclusive-distrib/1.0/,no
2604.21928v1,CC BY 4.0,http://creativecommons.org/licenses/by/4.0/,yes
2604.21927v1,arXiv non-exclusive,http://arxiv.org/licenses/nonexclusive-distrib/1.0/,no
2604.21926v1,CC BY 4.0,http://creativecommons.org/licenses/by/4.0/,yes
2604.21924v1,arXiv non-exclusive,http://arxiv.org/licenses/nonexclusive-distrib/1.0/,no
2604.21922v1,CC BY 4.0,http://creativecommons.org/licenses/by/4.0/,yes
2604.21923v1,arXiv non-exclusive,http://arxiv.org/licenses/nonexclusive-distrib/1.0/,no
2604.21921v1,arXiv non-exclusive,http://arxiv.org/licenses/nonexclusive-distrib/1.0/,no
2604.21917v1,CC BY 4.0,http://creativecommons.org/licenses/by/4.0/,yes
2604.21916v1,CC BY 4.0,http://creativecommons.org/licenses/by/4.0/,yes
2604.21915v1,CC BY 4.0,http://creativecommons.org/licenses/by/4.0/,yes
2604.21914v1,CC BY 4.0,http://creativecommons.org/licenses/by/4.0/,yes
2604.21911v1,CC BY 4.0,http://creativecommons.org/licenses/by/4.0/,yes
2604.21910v1,arXiv non-exclusive,http://arxiv.org/licenses/nonexclusive-distrib/1.0/,no
2604.21909v1,CC BY 4.0,http://creativecommons.org/licenses/by/4.0/,yes
2604.21905v1,CC BY 4.0,http://creativecommons.org/licenses/by/4.0/,yes
2604.21904v1,arXiv non-exclusive,http://arxiv.org/licenses/nonexclusive-distrib/1.0/,no
2604.21903v1,CC BY 4.0,http://creativecommons.org/licenses/by/4.0/,yes
2604.21901v1,arXiv non-exclusive,http://arxiv.org/licenses/nonexclusive-distrib/1.0/,no
2604.21897v1,CC BY 4.0,http://creativecommons.org/licenses/by/4.0/,yes
2604.21896v1,CC BY 4.0,http://creativecommons.org/licenses/by/4.0/,yes
2604.21894v1,arXiv non-exclusive,http://arxiv.org/licenses/nonexclusive-distrib/1.0/,no
2604.21893v1,CC BY-NC-ND 4.0,http://creativecommons.org/licenses/by-nc-nd/4.0/,no
2604.21891v1,CC BY 4.0,http://creativecommons.org/licenses/by/4.0/,yes
2604.21890v1,arXiv non-exclusive,http://arxiv.org/licenses/nonexclusive-distrib/1.0/,no
2604.21889v1,CC BY-NC-ND 4.0,http://creativecommons.org/licenses/by-nc-nd/4.0/,no
2604.21885v1,arXiv non-exclusive,http://arxiv.org/licenses/nonexclusive-distrib/1.0/,no
2604.21882v1,CC BY 4.0,http://creativecommons.org/licenses/by/4.0/,yes
2604.21881v1,CC BY-SA 4.0,http://creativecommons.org/licenses/by-sa/4.0/,yes
2604.21879v1,arXiv non-exclusive,http://arxiv.org/licenses/nonexclusive-distrib/1.0/,no
2604.21878v1,CC BY 4.0,http://creativecommons.org/licenses/by/4.0/,yes
2604.21873v1,arXiv non-exclusive,http://arxiv.org/licenses/nonexclusive-distrib/1.0/,no
2604.21871v1,CC BY 4.0,http://creativecommons.org/licenses/by/4.0/,yes
2604.21864v1,CC BY 4.0,http://creativecommons.org/licenses/by/4.0/,yes
2604.21863v1,CC BY-NC-ND 4.0,http://creativecommons.org/licenses/by-nc-nd/4.0/,no
2604.21860v1,CC BY 4.0,http://creativecommons.org/licenses/by/4.0/,yes
2604.21854v1,arXiv non-exclusive,http://arxiv.org/licenses/nonexclusive-distrib/1.0/,no
2604.21849v1,CC BY 4.0,http://creativecommons.org/licenses/by/4.0/,yes
2604.21847v1,CC BY 4.0,http://creativecommons.org/licenses/by/4.0/,yes
2604.21841v1,arXiv non-exclusive,http://arxiv.org/licenses/nonexclusive-distrib/1.0/,no
2604.21840v1,arXiv non-exclusive,http://arxiv.org/licenses/nonexclusive-distrib/1.0/,no
2604.21836v1,CC BY 4.0,http://creativecommons.org/licenses/by/4.0/,yes
2604.21831v1,CC BY 4.0,http://creativecommons.org/licenses/by/4.0/,yes
2604.21830v1,CC BY 4.0,http://creativecommons.org/licenses/by/4.0/,yes
2604.21829v1,arXiv non-exclusive,http://arxiv.org/licenses/nonexclusive-distrib/1.0/,no
2604.21825v1,arXiv non-exclusive,http://arxiv.org/licenses/nonexclusive-distrib/1.0/,no
2604.21822v1,CC BY-NC-SA 4.0,http://creativecommons.org/licenses/by-nc-sa/4.0/,no
2604.21819v1,arXiv non-exclusive,http://arxiv.org/licenses/nonexclusive-distrib/1.0/,no
2604.21816v1,CC BY 4.0,http://creativecommons.org/licenses/by/4.0/,yes
2604.21814v1,arXiv non-exclusive,http://arxiv.org/licenses/nonexclusive-distrib/1.0/,no
2604.21812v1,CC BY-NC-SA 4.0,http://creativecommons.org/licenses/by-nc-sa/4.0/,no
2604.21811v1,CC BY 4.0,http://creativecommons.org/licenses/by/4.0/,yes
2604.21810v1,CC BY 4.0,http://creativecommons.org/licenses/by/4.0/,yes
2604.21809v1,arXiv non-exclusive,http://arxiv.org/licenses/nonexclusive-distrib/1.0/,no
2604.21808v1,arXiv non-exclusive,http://arxiv.org/licenses/nonexclusive-distrib/1.0/,no
2604.21806v1,CC BY 4.0,http://creativecommons.org/licenses/by/4.0/,yes
2604.21801v1,CC BY-NC-SA 4.0,http://creativecommons.org/licenses/by-nc-sa/4.0/,no
2604.21800v1,arXiv non-exclusive,http://arxiv.org/licenses/nonexclusive-distrib/1.0/,no
2604.21798v1,arXiv non-exclusive,http://arxiv.org/licenses/nonexclusive-distrib/1.0/,no
2604.21795v1,CC BY 4.0,http://creativecommons.org/licenses/by/4.0/,yes
2604.21794v1,CC BY 4.0,http://creativecommons.org/licenses/by/4.0/,yes
2604.21793v1,CC BY 4.0,http://creativecommons.org/licenses/by/4.0/,yes
2604.21789v1,arXiv non-exclusive,http://arxiv.org/licenses/nonexclusive-distrib/1.0/,no
2604.21776v1,CC BY 4.0,http://creativecommons.org/licenses/by/4.0/,yes
2604.21774v1,arXiv non-exclusive,http://arxiv.org/licenses/nonexclusive-distrib/1.0/,no
2604.21772v1,arXiv non-exclusive,http://arxiv.org/licenses/nonexclusive-distrib/1.0/,no
2604.21771v1,arXiv non-exclusive,http://arxiv.org/licenses/nonexclusive-distrib/1.0/,no
2604.21769v1,CC BY 4.0,http://creativecommons.org/licenses/by/4.0/,yes
2604.21767v1,CC BY 4.0,http://creativecommons.org/licenses/by/4.0/,yes
2604.21766v1,CC BY 4.0,http://creativecommons.org/licenses/by/4.0/,yes
2604.21765v1,CC BY 4.0,http://creativecommons.org/licenses/by/4.0/,yes
2604.21764v1,CC BY 4.0,http://creativecommons.org/licenses/by/4.0/,yes
2604.21761v1,CC BY 4.0,http://creativecommons.org/licenses/by/4.0/,yes
2604.21753v1,CC BY 4.0,http://creativecommons.org/licenses/by/4.0/,yes
2604.21751v1,CC BY-NC-ND 4.0,http://creativecommons.org/licenses/by-nc-nd/4.0/,no
2604.21750v1,CC BY 4.0,http://creativecommons.org/licenses/by/4.0/,yes
2604.21749v1,CC BY-SA 4.0,http://creativecommons.org/licenses/by-sa/4.0/,yes
2604.21748v1,CC BY-NC-SA 4.0,http://creativecommons.org/licenses/by-nc-sa/4.0/,no
2604.21746v1,CC BY 4.0,http://creativecommons.org/licenses/by/4.0/,yes
2604.21745v1,CC BY 4.0,http://creativecommons.org/licenses/by/4.0/,yes
2604.21743v1,CC BY 4.0,http://creativecommons.org/licenses/by/4.0/,yes
2604.21741v1,CC BY-NC-ND 4.0,http://creativecommons.org/licenses/by-nc-nd/4.0/,no
2604.21740v1,arXiv non-exclusive,http://arxiv.org/licenses/nonexclusive-distrib/1.0/,no
2604.21729v1,arXiv non-exclusive,http://arxiv.org/licenses/nonexclusive-distrib/1.0/,no
2604.21728v1,arXiv non-exclusive,http://arxiv.org/licenses/nonexclusive-distrib/1.0/,no
2604.21725v1,arXiv non-exclusive,http://arxiv.org/licenses/nonexclusive-distrib/1.0/,no
2604.21724v1,CC BY 4.0,http://creativecommons.org/licenses/by/4.0/,yes
2604.21716v1,CC BY-SA 4.0,http://creativecommons.org/licenses/by-sa/4.0/,yes
2604.21713v1,CC BY-NC-SA 4.0,http://creativecommons.org/licenses/by-nc-sa/4.0/,no
2604.21711v1,CC BY 4.0,http://creativecommons.org/licenses/by/4.0/,yes
2604.21707v1,CC BY 4.0,http://creativecommons.org/licenses/by/4.0/,yes
2604.21706v1,CC BY 4.0,http://creativecommons.org/licenses/by/4.0/,yes
2604.21700v1,arXiv non-exclusive,http://arxiv.org/licenses/nonexclusive-distrib/1.0/,no
2604.21699v1,CC BY 4.0,http://creativecommons.org/licenses/by/4.0/,yes
2604.21698v1,arXiv non-exclusive,http://arxiv.org/licenses/nonexclusive-distrib/1.0/,no
2604.21696v1,CC BY 4.0,http://creativecommons.org/licenses/by/4.0/,yes
2604.21694v1,arXiv non-exclusive,http://arxiv.org/licenses/nonexclusive-distrib/1.0/,no
2604.21693v1,arXiv non-exclusive,http://arxiv.org/licenses/nonexclusive-distrib/1.0/,no
2604.21690v1,CC BY-NC-SA 4.0,http://creativecommons.org/licenses/by-nc-sa/4.0/,no
2604.21689v1,CC BY-NC-SA 4.0,http://creativecommons.org/licenses/by-nc-sa/4.0/,no
2604.21688v1,CC BY 4.0,http://creativecommons.org/licenses/by/4.0/,yes
2604.21686v1,CC BY 4.0,http://creativecommons.org/licenses/by/4.0/,yes
2604.21681v1,CC BY 4.0,http://creativecommons.org/licenses/by/4.0/,yes
2604.21679v1,CC BY 4.0,http://creativecommons.org/licenses/by/4.0/,yes
2604.21675v1,CC BY-NC-ND 4.0,http://creativecommons.org/licenses/by-nc-nd/4.0/,no
2604.21673v1,arXiv non-exclusive,http://arxiv.org/licenses/nonexclusive-distrib/1.0/,no
2604.21668v1,CC BY 4.0,http://creativecommons.org/licenses/by/4.0/,yes
2604.21667v1,CC BY 4.0,http://creativecommons.org/licenses/by/4.0/,yes
2604.21657v1,CC BY 4.0,http://creativecommons.org/licenses/by/4.0/,yes
2604.21654v1,CC BY 4.0,http://creativecommons.org/licenses/by/4.0/,yes
2604.21649v1,arXiv non-exclusive,http://arxiv.org/licenses/nonexclusive-distrib/1.0/,no
2604.21645v1,CC0 1.0,http://creativecommons.org/publicdomain/zero/1.0/,yes
2604.21640v1,arXiv non-exclusive,http://arxiv.org/licenses/nonexclusive-distrib/1.0/,no
2604.21638v1,CC BY 4.0,http://creativecommons.org/licenses/by/4.0/,yes
2604.21637v1,CC BY 4.0,http://creativecommons.org/licenses/by/4.0/,yes
2604.21632v1,CC BY 4.0,http://creativecommons.org/licenses/by/4.0/,yes
2604.21631v1,arXiv non-exclusive,http://arxiv.org/licenses/nonexclusive-distrib/1.0/,no
2604.21629v1,CC BY 4.0,http://creativecommons.org/licenses/by/4.0/,yes
2604.21628v1,arXiv non-exclusive,http://arxiv.org/licenses/nonexclusive-distrib/1.0/,no
2604.21627v1,CC BY-NC-SA 4.0,http://creativecommons.org/licenses/by-nc-sa/4.0/,no
2604.21623v1,CC BY 4.0,http://creativecommons.org/licenses/by/4.0/,yes
2604.21617v1,CC BY 4.0,http://creativecommons.org/licenses/by/4.0/,yes
2604.21614v1,arXiv non-exclusive,http://arxiv.org/licenses/nonexclusive-distrib/1.0/,no
2604.21611v1,CC BY 4.0,http://creativecommons.org/licenses/by/4.0/,yes
2604.21606v1,arXiv non-exclusive,http://arxiv.org/licenses/nonexclusive-distrib/1.0/,no
2604.21603v1,CC BY 4.0,http://creativecommons.org/licenses/by/4.0/,yes
2604.21602v1,CC BY-NC-ND 4.0,http://creativecommons.org/licenses/by-nc-nd/4.0/,no
2604.21598v1,CC BY 4.0,http://creativecommons.org/licenses/by/4.0/,yes
2604.21595v1,arXiv non-exclusive,http://arxiv.org/licenses/nonexclusive-distrib/1.0/,no
2604.21593v1,arXiv non-exclusive,http://arxiv.org/licenses/nonexclusive-distrib/1.0/,no
2604.21592v1,arXiv non-exclusive,http://arxiv.org/licenses/nonexclusive-distrib/1.0/,no
2604.21590v1,arXiv non-exclusive,http://arxiv.org/licenses/nonexclusive-distrib/1.0/,no
2604.21587v1,arXiv non-exclusive,http://arxiv.org/licenses/nonexclusive-distrib/1.0/,no
2604.21584v1,arXiv non-exclusive,http://arxiv.org/licenses/nonexclusive-distrib/1.0/,no
2604.21580v1,arXiv non-exclusive,http://arxiv.org/licenses/nonexclusive-distrib/1.0/,no
2604.21579v1,arXiv non-exclusive,http://arxiv.org/licenses/nonexclusive-distrib/1.0/,no
2604.21575v1,arXiv non-exclusive,http://arxiv.org/licenses/nonexclusive-distrib/1.0/,no
2604.21573v1,arXiv non-exclusive,http://arxiv.org/licenses/nonexclusive-distrib/1.0/,no
2604.21571v1,arXiv non-exclusive,http://arxiv.org/licenses/nonexclusive-distrib/1.0/,no
2604.21570v1,arXiv non-exclusive,http://arxiv.org/licenses/nonexclusive-distrib/1.0/,no
2604.21568v1,arXiv non-exclusive,http://arxiv.org/licenses/nonexclusive-distrib/1.0/,no
2604.21567v1,CC BY 4.0,http://creativecommons.org/licenses/by/4.0/,yes
2604.21566v1,arXiv non-exclusive,http://arxiv.org/licenses/nonexclusive-distrib/1.0/,no
2604.21564v1,CC BY 4.0,http://creativecommons.org/licenses/by/4.0/,yes
2604.21556v1,CC BY 4.0,http://creativecommons.org/licenses/by/4.0/,yes
2604.21555v1,CC BY 4.0,http://creativecommons.org/licenses/by/4.0/,yes
2604.21554v1,CC BY 4.0,http://creativecommons.org/licenses/by/4.0/,yes
2604.21546v1,arXiv non-exclusive,http://arxiv.org/licenses/nonexclusive-distrib/1.0/,no
2604.21544v1,CC BY-SA 4.0,http://creativecommons.org/licenses/by-sa/4.0/,yes
2604.21541v1,arXiv non-exclusive,http://arxiv.org/licenses/nonexclusive-distrib/1.0/,no
2604.21536v1,arXiv non-exclusive,http://arxiv.org/licenses/nonexclusive-distrib/1.0/,no
2604.21534v1,CC BY 4.0,http://creativecommons.org/licenses/by/4.0/,yes
2604.21531v1,arXiv non-exclusive,http://arxiv.org/licenses/nonexclusive-distrib/1.0/,no
2604.21529v1,CC BY 4.0,http://creativecommons.org/licenses/by/4.0/,yes
2604.21527v1,CC BY-SA 4.0,http://creativecommons.org/licenses/by-sa/4.0/,yes
2604.21525v1,arXiv non-exclusive,http://arxiv.org/licenses/nonexclusive-distrib/1.0/,no
2604.21523v1,CC BY 4.0,http://creativecommons.org/licenses/by/4.0/,yes
2604.21519v1,arXiv non-exclusive,http://arxiv.org/licenses/nonexclusive-distrib/1.0/,no
2604.21518v1,arXiv non-exclusive,http://arxiv.org/licenses/nonexclusive-distrib/1.0/,no
2604.21517v1,arXiv non-exclusive,http://arxiv.org/licenses/nonexclusive-distrib/1.0/,no
2604.21515v1,CC BY-SA 4.0,http://creativecommons.org/licenses/by-sa/4.0/,yes
2604.21511v1,CC BY 4.0,http://creativecommons.org/licenses/by/4.0/,yes
2604.21510v1,CC BY-NC-SA 4.0,http://creativecommons.org/licenses/by-nc-sa/4.0/,no
2604.21508v1,arXiv non-exclusive,http://arxiv.org/licenses/nonexclusive-distrib/1.0/,no
2604.21507v1,CC BY 4.0,http://creativecommons.org/licenses/by/4.0/,yes
2604.21505v1,arXiv non-exclusive,http://arxiv.org/licenses/nonexclusive-distrib/1.0/,no
2604.21502v1,arXiv non-exclusive,http://arxiv.org/licenses/nonexclusive-distrib/1.0/,no
2604.21501v1,CC BY 4.0,http://creativecommons.org/licenses/by/4.0/,yes
2604.21496v1,CC BY-NC-ND 4.0,http://creativecommons.org/licenses/by-nc-nd/4.0/,no
2604.21495v1,CC BY 4.0,http://creativecommons.org/licenses/by/4.0/,yes
2604.21491v1,arXiv non-exclusive,http://arxiv.org/licenses/nonexclusive-distrib/1.0/,no
2604.21489v1,arXiv non-exclusive,http://arxiv.org/licenses/nonexclusive-distrib/1.0/,no
2604.21483v1,CC BY 4.0,http://creativecommons.org/licenses/by/4.0/,yes
2604.21481v1,CC BY 4.0,http://creativecommons.org/licenses/by/4.0/,yes
2604.21480v1,CC BY 4.0,http://creativecommons.org/licenses/by/4.0/,yes
2604.21479v1,arXiv non-exclusive,http://arxiv.org/licenses/nonexclusive-distrib/1.0/,no
2604.21478v1,arXiv non-exclusive,http://arxiv.org/licenses/nonexclusive-distrib/1.0/,no
2604.21477v1,CC BY 4.0,http://creativecommons.org/licenses/by/4.0/,yes
2604.21475v1,CC BY 4.0,http://creativecommons.org/licenses/by/4.0/,yes
2604.21473v1,arXiv non-exclusive,http://arxiv.org/licenses/nonexclusive-distrib/1.0/,no
2604.21471v1,arXiv non-exclusive,http://arxiv.org/licenses/nonexclusive-distrib/1.0/,no
2604.21469v1,CC BY 4.0,http://creativecommons.org/licenses/by/4.0/,yes
2604.21468v1,arXiv non-exclusive,http://arxiv.org/licenses/nonexclusive-distrib/1.0/,no
2604.21467v1,CC BY 4.0,http://creativecommons.org/licenses/by/4.0/,yes
2604.21465v1,arXiv non-exclusive,http://arxiv.org/licenses/nonexclusive-distrib/1.0/,no
2604.21462v1,CC BY 4.0,http://creativecommons.org/licenses/by/4.0/,yes
2604.21461v1,CC BY 4.0,http://creativecommons.org/licenses/by/4.0/,yes
2604.21457v1,CC BY 4.0,http://creativecommons.org/licenses/by/4.0/,yes
2604.21456v1,CC BY 4.0,http://creativecommons.org/licenses/by/4.0/,yes
2604.21455v1,arXiv non-exclusive,http://arxiv.org/licenses/nonexclusive-distrib/1.0/,no
2604.21454v1,CC BY 4.0,http://creativecommons.org/licenses/by/4.0/,yes
2604.21453v1,arXiv non-exclusive,http://arxiv.org/licenses/nonexclusive-distrib/1.0/,no
2604.21450v1,arXiv non-exclusive,http://arxiv.org/licenses/nonexclusive-distrib/1.0/,no
2604.21446v1,CC BY 4.0,http://creativecommons.org/licenses/by/4.0/,yes
2604.21444v1,arXiv non-exclusive,http://arxiv.org/licenses/nonexclusive-distrib/1.0/,no
2604.21442v1,arXiv non-exclusive,http://arxiv.org/licenses/nonexclusive-distrib/1.0/,no
2604.21436v1,arXiv non-exclusive,http://arxiv.org/licenses/nonexclusive-distrib/1.0/,no
2604.21435v1,arXiv non-exclusive,http://arxiv.org/licenses/nonexclusive-distrib/1.0/,no
2604.21431v1,CC BY 4.0,http://creativecommons.org/licenses/by/4.0/,yes
2604.21428v1,CC BY 4.0,http://creativecommons.org/licenses/by/4.0/,yes
2604.21422v1,CC BY 4.0,http://creativecommons.org/licenses/by/4.0/,yes
2604.21421v1,CC BY 4.0,http://creativecommons.org/licenses/by/4.0/,yes
2604.21420v1,CC BY 4.0,http://creativecommons.org/licenses/by/4.0/,yes
2604.21416v1,CC BY-NC-SA 4.0,http://creativecommons.org/licenses/by-nc-sa/4.0/,no
2604.21414v1,CC BY 4.0,http://creativecommons.org/licenses/by/4.0/,yes
2604.21413v1,CC BY 4.0,http://creativecommons.org/licenses/by/4.0/,yes
2604.21412v1,CC BY 4.0,http://creativecommons.org/licenses/by/4.0/,yes
2604.21411v1,arXiv non-exclusive,http://arxiv.org/licenses/nonexclusive-distrib/1.0/,no
2604.21409v1,arXiv non-exclusive,http://arxiv.org/licenses/nonexclusive-distrib/1.0/,no
2604.21407v1,CC BY-NC-SA 4.0,http://creativecommons.org/licenses/by-nc-sa/4.0/,no
2604.21400v1,arXiv non-exclusive,http://arxiv.org/licenses/nonexclusive-distrib/1.0/,no
2604.21399v1,arXiv non-exclusive,http://arxiv.org/licenses/nonexclusive-distrib/1.0/,no
2604.21396v1,CC BY 4.0,http://creativecommons.org/licenses/by/4.0/,yes
2604.21395v1,arXiv non-exclusive,http://arxiv.org/licenses/nonexclusive-distrib/1.0/,no
2604.21394v1,arXiv non-exclusive,http://arxiv.org/licenses/nonexclusive-distrib/1.0/,no
2604.21391v1,CC BY 4.0,http://creativecommons.org/licenses/by/4.0/,yes
2604.21387v1,arXiv non-exclusive,http://arxiv.org/licenses/nonexclusive-distrib/1.0/,no
2604.21380v1,arXiv non-exclusive,http://arxiv.org/licenses/nonexclusive-distrib/1.0/,no
2604.21378v1,arXiv non-exclusive,http://arxiv.org/licenses/nonexclusive-distrib/1.0/,no
2604.21376v1,arXiv non-exclusive,http://arxiv.org/licenses/nonexclusive-distrib/1.0/,no
2604.21375v1,CC BY 4.0,http://creativecommons.org/licenses/by/4.0/,yes
2604.21370v1,CC BY 4.0,http://creativecommons.org/licenses/by/4.0/,yes
2604.21369v1,CC BY 4.0,http://creativecommons.org/licenses/by/4.0/,yes
2604.21365v1,CC BY 4.0,http://creativecommons.org/licenses/by/4.0/,yes
2604.21363v1,arXiv non-exclusive,http://arxiv.org/licenses/nonexclusive-distrib/1.0/,no
2604.21362v1,CC BY 4.0,http://creativecommons.org/licenses/by/4.0/,yes
2604.21361v1,CC BY 4.0,http://creativecommons.org/licenses/by/4.0/,yes
2604.21360v1,arXiv non-exclusive,http://arxiv.org/licenses/nonexclusive-distrib/1.0/,no
2604.21357v1,CC BY 4.0,http://creativecommons.org/licenses/by/4.0/,yes
2604.21356v1,arXiv non-exclusive,http://arxiv.org/licenses/nonexclusive-distrib/1.0/,no
2604.21355v1,arXiv non-exclusive,http://arxiv.org/licenses/nonexclusive-distrib/1.0/,no
2604.21354v1,arXiv non-exclusive,http://arxiv.org/licenses/nonexclusive-distrib/1.0/,no
2604.21352v1,CC BY 4.0,http://creativecommons.org/licenses/by/4.0/,yes
2604.21351v1,arXiv non-exclusive,http://arxiv.org/licenses/nonexclusive-distrib/1.0/,no
2604.21349v1,CC BY-NC-ND 4.0,http://creativecommons.org/licenses/by-nc-nd/4.0/,no
2604.21346v1,CC BY-NC-ND 4.0,http://creativecommons.org/licenses/by-nc-nd/4.0/,no
2604.21344v1,CC BY 4.0,http://creativecommons.org/licenses/by/4.0/,yes
2604.21343v1,CC BY 4.0,http://creativecommons.org/licenses/by/4.0/,yes
2604.21338v1,CC BY 4.0,http://creativecommons.org/licenses/by/4.0/,yes
2604.21337v1,CC BY-NC-SA 4.0,http://creativecommons.org/licenses/by-nc-sa/4.0/,no
2604.21335v1,CC BY-NC-SA 4.0,http://creativecommons.org/licenses/by-nc-sa/4.0/,no
2604.21334v1,CC BY 4.0,http://creativecommons.org/licenses/by/4.0/,yes
2604.21331v1,arXiv non-exclusive,http://arxiv.org/licenses/nonexclusive-distrib/1.0/,no
2604.21330v1,CC BY 4.0,http://creativecommons.org/licenses/by/4.0/,yes
2604.21328v1,arXiv non-exclusive,http://arxiv.org/licenses/nonexclusive-distrib/1.0/,no
2604.21327v1,arXiv non-exclusive,http://arxiv.org/licenses/nonexclusive-distrib/1.0/,no
2604.21326v1,arXiv non-exclusive,http://arxiv.org/licenses/nonexclusive-distrib/1.0/,no
2604.21324v1,arXiv non-exclusive,http://arxiv.org/licenses/nonexclusive-distrib/1.0/,no
2604.21321v1,CC BY-NC-ND 4.0,http://creativecommons.org/licenses/by-nc-nd/4.0/,no
2604.21316v1,CC BY 4.0,http://creativecommons.org/licenses/by/4.0/,yes
2604.21315v1,CC BY 4.0,http://creativecommons.org/licenses/by/4.0/,yes
2604.21313v1,arXiv non-exclusive,http://arxiv.org/licenses/nonexclusive-distrib/1.0/,no
2604.21310v1,arXiv non-exclusive,http://arxiv.org/licenses/nonexclusive-distrib/1.0/,no
2604.21309v1,CC BY 4.0,http://creativecommons.org/licenses/by/4.0/,yes
2604.21308v1,CC BY 4.0,http://creativecommons.org/licenses/by/4.0/,yes
2604.21306v1,arXiv non-exclusive,http://arxiv.org/licenses/nonexclusive-distrib/1.0/,no
2604.21305v1,arXiv non-exclusive,http://arxiv.org/licenses/nonexclusive-distrib/1.0/,no
2604.21304v1,arXiv non-exclusive,http://arxiv.org/licenses/nonexclusive-distrib/1.0/,no
2604.21300v1,CC BY 4.0,http://creativecommons.org/licenses/by/4.0/,yes
2604.21295v1,CC BY 4.0,http://creativecommons.org/licenses/by/4.0/,yes
2604.21292v1,arXiv non-exclusive,http://arxiv.org/licenses/nonexclusive-distrib/1.0/,no
2604.21291v1,arXiv non-exclusive,http://arxiv.org/licenses/nonexclusive-distrib/1.0/,no
2604.21290v1,CC BY 4.0,http://creativecommons.org/licenses/by/4.0/,yes
2604.21289v1,arXiv non-exclusive,http://arxiv.org/licenses/nonexclusive-distrib/1.0/,no
2604.21286v1,CC BY 4.0,http://creativecommons.org/licenses/by/4.0/,yes
2604.21284v1,CC BY 4.0,http://creativecommons.org/licenses/by/4.0/,yes
2604.21282v1,arXiv non-exclusive,http://arxiv.org/licenses/nonexclusive-distrib/1.0/,no
2604.21280v1,CC BY 4.0,http://creativecommons.org/licenses/by/4.0/,yes
2604.21279v1,arXiv non-exclusive,http://arxiv.org/licenses/nonexclusive-distrib/1.0/,no
2604.21278v1,arXiv non-exclusive,http://arxiv.org/licenses/nonexclusive-distrib/1.0/,no
2604.21277v1,CC BY 4.0,http://creativecommons.org/licenses/by/4.0/,yes
2604.21276v1,CC BY 4.0,http://creativecommons.org/licenses/by/4.0/,yes
2604.21275v1,arXiv non-exclusive,http://arxiv.org/licenses/nonexclusive-distrib/1.0/,no
2604.21274v1,CC BY 4.0,http://creativecommons.org/licenses/by/4.0/,yes
2604.21271v1,CC BY 4.0,http://creativecommons.org/licenses/by/4.0/,yes
2604.21270v1,CC BY 4.0,http://creativecommons.org/licenses/by/4.0/,yes
2604.21265v1,CC BY 4.0,http://creativecommons.org/licenses/by/4.0/,yes
2604.21264v1,arXiv non-exclusive,http://arxiv.org/licenses/nonexclusive-distrib/1.0/,no
2604.21261v1,CC BY 4.0,http://creativecommons.org/licenses/by/4.0/,yes
2604.21260v1,CC BY 4.0,http://creativecommons.org/licenses/by/4.0/,yes
2604.21256v1,arXiv non-exclusive,http://arxiv.org/licenses/nonexclusive-distrib/1.0/,no
2604.21255v1,CC BY 4.0,http://creativecommons.org/licenses/by/4.0/,yes
2604.21254v1,CC BY 4.0,http://creativecommons.org/licenses/by/4.0/,yes
2604.21253v1,CC BY 4.0,http://creativecommons.org/licenses/by/4.0/,yes
2604.21252v1,CC BY 4.0,http://creativecommons.org/licenses/by/4.0/,yes
2604.21251v1,arXiv non-exclusive,http://arxiv.org/licenses/nonexclusive-distrib/1.0/,no
2604.21249v1,CC BY-NC-ND 4.0,http://creativecommons.org/licenses/by-nc-nd/4.0/,no
2604.21247v1,arXiv non-exclusive,http://arxiv.org/licenses/nonexclusive-distrib/1.0/,no
2604.21241v1,CC BY-NC-ND 4.0,http://creativecommons.org/licenses/by-nc-nd/4.0/,no
2604.21238v1,arXiv non-exclusive,http://arxiv.org/licenses/nonexclusive-distrib/1.0/,no
2604.21235v1,CC BY 4.0,http://creativecommons.org/licenses/by/4.0/,yes
2604.21233v1,CC BY 4.0,http://creativecommons.org/licenses/by/4.0/,yes
2604.21232v1,CC BY 4.0,http://creativecommons.org/licenses/by/4.0/,yes
2604.21231v1,arXiv non-exclusive,http://arxiv.org/licenses/nonexclusive-distrib/1.0/,no
2604.21229v1,CC BY 4.0,http://creativecommons.org/licenses/by/4.0/,yes
2604.21227v1,arXiv non-exclusive,http://arxiv.org/licenses/nonexclusive-distrib/1.0/,no
2604.21223v1,CC BY 4.0,http://creativecommons.org/licenses/by/4.0/,yes
2604.21221v1,CC BY 4.0,http://creativecommons.org/licenses/by/4.0/,yes
2604.21215v1,arXiv non-exclusive,http://arxiv.org/licenses/nonexclusive-distrib/1.0/,no
2604.21214v1,CC BY 4.0,http://creativecommons.org/licenses/by/4.0/,yes
2604.21211v1,CC BY 4.0,http://creativecommons.org/licenses/by/4.0/,yes
2604.21205v1,CC BY 4.0,http://creativecommons.org/licenses/by/4.0/,yes
2604.21204v1,arXiv non-exclusive,http://arxiv.org/licenses/nonexclusive-distrib/1.0/,no
2604.21203v1,CC BY 4.0,http://creativecommons.org/licenses/by/4.0/,yes
2604.21202v1,CC BY 4.0,http://creativecommons.org/licenses/by/4.0/,yes
2604.21199v1,arXiv non-exclusive,http://arxiv.org/licenses/nonexclusive-distrib/1.0/,no
2604.21198v1,CC BY 4.0,http://creativecommons.org/licenses/by/4.0/,yes
2604.21197v1,CC BY 4.0,http://creativecommons.org/licenses/by/4.0/,yes
2604.21193v1,CC BY 4.0,http://creativecommons.org/licenses/by/4.0/,yes
2604.21192v1,arXiv non-exclusive,http://arxiv.org/licenses/nonexclusive-distrib/1.0/,no
2604.21191v1,arXiv non-exclusive,http://arxiv.org/licenses/nonexclusive-distrib/1.0/,no
2604.21190v1,arXiv non-exclusive,http://arxiv.org/licenses/nonexclusive-distrib/1.0/,no
2604.21189v1,CC BY 4.0,http://creativecommons.org/licenses/by/4.0/,yes
2604.21187v1,arXiv non-exclusive,http://arxiv.org/licenses/nonexclusive-distrib/1.0/,no
2604.21182v1,arXiv non-exclusive,http://arxiv.org/licenses/nonexclusive-distrib/1.0/,no
2604.21175v1,CC BY 4.0,http://creativecommons.org/licenses/by/4.0/,yes
2604.21174v1,CC BY 4.0,http://creativecommons.org/licenses/by/4.0/,yes
2604.21164v1,arXiv non-exclusive,http://arxiv.org/licenses/nonexclusive-distrib/1.0/,no
2604.21163v1,arXiv non-exclusive,http://arxiv.org/licenses/nonexclusive-distrib/1.0/,no
2604.21160v1,arXiv non-exclusive,http://arxiv.org/licenses/nonexclusive-distrib/1.0/,no
2604.21159v1,CC BY 4.0,http://creativecommons.org/licenses/by/4.0/,yes
2604.21155v1,arXiv non-exclusive,http://arxiv.org/licenses/nonexclusive-distrib/1.0/,no
2604.21154v1,arXiv non-exclusive,http://arxiv.org/licenses/nonexclusive-distrib/1.0/,no
2604.21153v1,arXiv non-exclusive,http://arxiv.org/licenses/nonexclusive-distrib/1.0/,no
2604.21152v1,CC BY 4.0,http://creativecommons.org/licenses/by/4.0/,yes
2604.21148v1,CC BY 4.0,http://creativecommons.org/licenses/by/4.0/,yes
2604.21147v1,arXiv non-exclusive,http://arxiv.org/licenses/nonexclusive-distrib/1.0/,no
2604.21146v1,CC BY 4.0,http://creativecommons.org/licenses/by/4.0/,yes
2604.21144v1,CC BY 4.0,http://creativecommons.org/licenses/by/4.0/,yes
2604.21140v1,CC BY 4.0,http://creativecommons.org/licenses/by/4.0/,yes
2604.21139v1,CC BY 4.0,http://creativecommons.org/licenses/by/4.0/,yes
2604.21138v1,CC BY 4.0,http://creativecommons.org/licenses/by/4.0/,yes
2604.21137v1,arXiv non-exclusive,http://arxiv.org/licenses/nonexclusive-distrib/1.0/,no
2604.21134v1,CC BY 4.0,http://creativecommons.org/licenses/by/4.0/,yes
2604.21131v1,CC BY 4.0,http://creativecommons.org/licenses/by/4.0/,yes
2604.21130v1,CC BY-NC-ND 4.0,http://creativecommons.org/licenses/by-nc-nd/4.0/,no
2604.21129v1,arXiv non-exclusive,http://arxiv.org/licenses/nonexclusive-distrib/1.0/,no
2604.21127v1,CC BY 4.0,http://creativecommons.org/licenses/by/4.0/,yes
2604.21125v1,arXiv non-exclusive,http://arxiv.org/licenses/nonexclusive-distrib/1.0/,no
2604.21124v1,CC BY 4.0,http://creativecommons.org/licenses/by/4.0/,yes
2604.21120v1,CC BY 4.0,http://creativecommons.org/licenses/by/4.0/,yes
2604.21119v1,arXiv non-exclusive,http://arxiv.org/licenses/nonexclusive-distrib/1.0/,no
2604.21117v1,CC BY 4.0,http://creativecommons.org/licenses/by/4.0/,yes
2604.21111v1,arXiv non-exclusive,http://arxiv.org/licenses/nonexclusive-distrib/1.0/,no
2604.21106v1,CC BY 4.0,http://creativecommons.org/licenses/by/4.0/,yes
2604.21104v1,arXiv non-exclusive,http://arxiv.org/licenses/nonexclusive-distrib/1.0/,no
2604.21103v1,arXiv non-exclusive,http://arxiv.org/licenses/nonexclusive-distrib/1.0/,no
2604.21102v1,CC BY 4.0,http://creativecommons.org/licenses/by/4.0/,yes
2604.21101v1,CC BY 4.0,http://creativecommons.org/licenses/by/4.0/,yes
2604.21100v1,CC BY 4.0,http://creativecommons.org/licenses/by/4.0/,yes
2604.21098v1,CC BY 4.0,http://creativecommons.org/licenses/by/4.0/,yes
2604.21097v1,CC BY 4.0,http://creativecommons.org/licenses/by/4.0/,yes
2604.21096v1,arXiv non-exclusive,http://arxiv.org/licenses/nonexclusive-distrib/1.0/,no
2604.21094v1,CC BY 4.0,http://creativecommons.org/licenses/by/4.0/,yes
2604.21092v1,CC BY 4.0,http://creativecommons.org/licenses/by/4.0/,yes
2604.21090v1,CC BY 4.0,http://creativecommons.org/licenses/by/4.0/,yes
2604.21089v1,arXiv non-exclusive,http://arxiv.org/licenses/nonexclusive-distrib/1.0/,no
2604.21085v1,CC BY 4.0,http://creativecommons.org/licenses/by/4.0/,yes
2604.21084v1,CC BY 4.0,http://creativecommons.org/licenses/by/4.0/,yes
2604.21083v1,CC BY 4.0,http://creativecommons.org/licenses/by/4.0/,yes
2604.21082v1,CC BY 4.0,http://creativecommons.org/licenses/by/4.0/,yes
2604.21079v1,arXiv non-exclusive,http://arxiv.org/licenses/nonexclusive-distrib/1.0/,no
2604.21078v1,arXiv non-exclusive,http://arxiv.org/licenses/nonexclusive-distrib/1.0/,no
2604.21076v1,CC BY 4.0,http://creativecommons.org/licenses/by/4.0/,yes
2604.21073v1,arXiv non-exclusive,http://arxiv.org/licenses/nonexclusive-distrib/1.0/,no
2604.21072v1,arXiv non-exclusive,http://arxiv.org/licenses/nonexclusive-distrib/1.0/,no
2604.21070v1,CC BY 4.0,http://creativecommons.org/licenses/by/4.0/,yes
2604.21066v1,arXiv non-exclusive,http://arxiv.org/licenses/nonexclusive-distrib/1.0/,no
2604.21061v1,CC BY-NC-SA 4.0,http://creativecommons.org/licenses/by-nc-sa/4.0/,no
2604.21060v1,CC BY 4.0,http://creativecommons.org/licenses/by/4.0/,yes
2604.21057v1,CC BY 4.0,http://creativecommons.org/licenses/by/4.0/,yes
2604.21053v1,arXiv non-exclusive,http://arxiv.org/licenses/nonexclusive-distrib/1.0/,no
2604.21052v1,CC BY 4.0,http://creativecommons.org/licenses/by/4.0/,yes
2604.21051v1,arXiv non-exclusive,http://arxiv.org/licenses/nonexclusive-distrib/1.0/,no
2604.21046v1,CC BY 4.0,http://creativecommons.org/licenses/by/4.0/,yes
2604.21045v1,arXiv non-exclusive,http://arxiv.org/licenses/nonexclusive-distrib/1.0/,no
2604.21043v1,CC BY 4.0,http://creativecommons.org/licenses/by/4.0/,yes
2604.21042v1,CC BY 4.0,http://creativecommons.org/licenses/by/4.0/,yes
2604.21041v1,CC BY 4.0,http://creativecommons.org/licenses/by/4.0/,yes
2604.21036v1,arXiv non-exclusive,http://arxiv.org/licenses/nonexclusive-distrib/1.0/,no
2604.21032v1,CC BY 4.0,http://creativecommons.org/licenses/by/4.0/,yes
2604.21031v1,arXiv non-exclusive,http://arxiv.org/licenses/nonexclusive-distrib/1.0/,no
2604.21029v1,CC BY 4.0,http://creativecommons.org/licenses/by/4.0/,yes
2604.21028v1,CC BY 4.0,http://creativecommons.org/licenses/by/4.0/,yes
2604.21027v1,CC BY 4.0,http://creativecommons.org/licenses/by/4.0/,yes
2604.21026v1,arXiv non-exclusive,http://arxiv.org/licenses/nonexclusive-distrib/1.0/,no
2604.21025v1,arXiv non-exclusive,http://arxiv.org/licenses/nonexclusive-distrib/1.0/,no
2604.21019v1,CC BY 4.0,http://creativecommons.org/licenses/by/4.0/,yes
2604.21018v1,CC BY 4.0,http://creativecommons.org/licenses/by/4.0/,yes
2604.21017v1,CC BY 4.0,http://creativecommons.org/licenses/by/4.0/,yes
2604.21016v1,arXiv non-exclusive,http://arxiv.org/licenses/nonexclusive-distrib/1.0/,no
2604.21011v1,CC BY-NC-ND 4.0,http://creativecommons.org/licenses/by-nc-nd/4.0/,no
2604.21008v1,arXiv non-exclusive,http://arxiv.org/licenses/nonexclusive-distrib/1.0/,no
2604.21006v1,arXiv non-exclusive,http://arxiv.org/licenses/nonexclusive-distrib/1.0/,no
2604.21003v1,CC BY 4.0,http://creativecommons.org/licenses/by/4.0/,yes
2604.21001v1,CC BY 4.0,http://creativecommons.org/licenses/by/4.0/,yes
2604.20996v1,CC BY 4.0,http://creativecommons.org/licenses/by/4.0/,yes
2604.20995v1,CC BY-SA 4.0,http://creativecommons.org/licenses/by-sa/4.0/,yes
2604.20994v1,CC BY 4.0,http://creativecommons.org/licenses/by/4.0/,yes
2604.20990v1,arXiv non-exclusive,http://arxiv.org/licenses/nonexclusive-distrib/1.0/,no
2604.20987v1,CC BY 4.0,http://creativecommons.org/licenses/by/4.0/,yes
2604.20985v1,CC BY 4.0,http://creativecommons.org/licenses/by/4.0/,yes
2604.20983v1,CC BY-SA 4.0,http://creativecommons.org/licenses/by-sa/4.0/,yes
2604.20982v1,arXiv non-exclusive,http://arxiv.org/licenses/nonexclusive-distrib/1.0/,no
2604.20981v1,CC BY-NC-ND 4.0,http://creativecommons.org/licenses/by-nc-nd/4.0/,no
2604.20973v1,CC BY 4.0,http://creativecommons.org/licenses/by/4.0/,yes
2604.20972v1,CC BY 4.0,http://creativecommons.org/licenses/by/4.0/,yes
2604.20842v1,arXiv non-exclusive,http://arxiv.org/licenses/nonexclusive-distrib/1.0/,no
2604.20841v1,CC BY 4.0,http://creativecommons.org/licenses/by/4.0/,yes
2604.20836v1,arXiv non-exclusive,http://arxiv.org/licenses/nonexclusive-distrib/1.0/,no
2604.20835v2,arXiv non-exclusive,http://arxiv.org/licenses/nonexclusive-distrib/1.0/,no
2604.20834v1,arXiv non-exclusive,http://arxiv.org/licenses/nonexclusive-distrib/1.0/,no
2604.20833v1,CC BY 4.0,http://creativecommons.org/licenses/by/4.0/,yes
2604.20826v1,arXiv non-exclusive,http://arxiv.org/licenses/nonexclusive-distrib/1.0/,no
2604.20825v1,arXiv non-exclusive,http://arxiv.org/licenses/nonexclusive-distrib/1.0/,no
2604.20824v1,CC BY-NC-ND 4.0,http://creativecommons.org/licenses/by-nc-nd/4.0/,no
2604.20823v1,CC BY 4.0,http://creativecommons.org/licenses/by/4.0/,yes
2604.20949v1,arXiv non-exclusive,http://arxiv.org/licenses/nonexclusive-distrib/1.0/,no
2604.20822v1,CC BY 4.0,http://creativecommons.org/licenses/by/4.0/,yes
2604.20819v1,arXiv non-exclusive,http://arxiv.org/licenses/nonexclusive-distrib/1.0/,no
2604.20817v1,CC BY 4.0,http://creativecommons.org/licenses/by/4.0/,yes
2604.20816v1,CC BY 4.0,http://creativecommons.org/licenses/by/4.0/,yes
2604.20813v1,CC BY 4.0,http://creativecommons.org/licenses/by/4.0/,yes
2604.20811v1,CC BY 4.0,http://creativecommons.org/licenses/by/4.0/,yes
2604.20948v1,CC BY 4.0,http://creativecommons.org/licenses/by/4.0/,yes
2604.20810v1,CC BY-NC-ND 4.0,http://creativecommons.org/licenses/by-nc-nd/4.0/,no
2604.20807v1,CC BY 4.0,http://creativecommons.org/licenses/by/4.0/,yes
2604.20806v1,CC BY-SA 4.0,http://creativecommons.org/licenses/by-sa/4.0/,yes
2604.20803v1,CC BY-SA 4.0,http://creativecommons.org/licenses/by-sa/4.0/,yes
2604.20801v1,CC BY-NC-ND 4.0,http://creativecommons.org/licenses/by-nc-nd/4.0/,no
2604.20800v1,arXiv non-exclusive,http://arxiv.org/licenses/nonexclusive-distrib/1.0/,no
2604.20799v1,arXiv non-exclusive,http://arxiv.org/licenses/nonexclusive-distrib/1.0/,no
2604.20797v1,arXiv non-exclusive,http://arxiv.org/licenses/nonexclusive-distrib/1.0/,no
2604.20796v1,arXiv non-exclusive,http://arxiv.org/licenses/nonexclusive-distrib/1.0/,no
2604.20791v1,CC BY 4.0,http://creativecommons.org/licenses/by/4.0/,yes
2604.20789v2,CC BY-NC-SA 4.0,http://creativecommons.org/licenses/by-nc-sa/4.0/,no
2604.20786v1,CC BY 4.0,http://creativecommons.org/licenses/by/4.0/,yes
2604.20784v1,arXiv non-exclusive,http://arxiv.org/licenses/nonexclusive-distrib/1.0/,no
2604.20783v1,arXiv non-exclusive,http://arxiv.org/licenses/nonexclusive-distrib/1.0/,no
2604.20779v1,CC BY 4.0,http://creativecommons.org/licenses/by/4.0/,yes
2604.20946v1,CC BY 4.0,http://creativecommons.org/licenses/by/4.0/,yes
2604.20777v1,CC BY 4.0,http://creativecommons.org/licenses/by/4.0/,yes
2604.20775v1,CC BY 4.0,http://creativecommons.org/licenses/by/4.0/,yes
2604.20945v1,CC BY-SA 4.0,http://creativecommons.org/licenses/by-sa/4.0/,yes
2604.20765v1,arXiv non-exclusive,http://arxiv.org/licenses/nonexclusive-distrib/1.0/,no
2604.20764v1,CC BY 4.0,http://creativecommons.org/licenses/by/4.0/,yes
2604.20763v1,CC BY 4.0,http://creativecommons.org/licenses/by/4.0/,yes
2604.20760v1,arXiv non-exclusive,http://arxiv.org/licenses/nonexclusive-distrib/1.0/,no
2604.20759v1,arXiv non-exclusive,http://arxiv.org/licenses/nonexclusive-distrib/1.0/,no
2604.20755v1,arXiv non-exclusive,http://arxiv.org/licenses/nonexclusive-distrib/1.0/,no
2604.20754v1,CC BY-NC-SA 4.0,http://creativecommons.org/licenses/by-nc-sa/4.0/,no
2604.20749v1,arXiv non-exclusive,http://arxiv.org/licenses/nonexclusive-distrib/1.0/,no
2604.20748v1,CC BY-NC-ND 4.0,http://creativecommons.org/licenses/by-nc-nd/4.0/,no
2604.20746v1,CC BY 4.0,http://creativecommons.org/licenses/by/4.0/,yes
2604.20745v1,arXiv non-exclusive,http://arxiv.org/licenses/nonexclusive-distrib/1.0/,no
2604.20744v1,arXiv non-exclusive,http://arxiv.org/licenses/nonexclusive-distrib/1.0/,no
2604.20742v1,CC BY-NC-ND 4.0,http://creativecommons.org/licenses/by-nc-nd/4.0/,no
2604.20738v1,CC BY-NC-SA 4.0,http://creativecommons.org/licenses/by-nc-sa/4.0/,no
2604.20737v1,arXiv non-exclusive,http://arxiv.org/licenses/nonexclusive-distrib/1.0/,no
2604.20736v1,arXiv non-exclusive,http://arxiv.org/licenses/nonexclusive-distrib/1.0/,no
2604.20735v1,CC BY-SA 4.0,http://creativecommons.org/licenses/by-sa/4.0/,yes
2604.20733v1,CC BY 4.0,http://creativecommons.org/licenses/by/4.0/,yes
2604.20732v1,arXiv non-exclusive,http://arxiv.org/licenses/nonexclusive-distrib/1.0/,no
2604.20731v1,CC BY 4.0,http://creativecommons.org/licenses/by/4.0/,yes
2604.20730v2,arXiv non-exclusive,http://arxiv.org/licenses/nonexclusive-distrib/1.0/,no
2604.20729v1,arXiv non-exclusive,http://arxiv.org/licenses/nonexclusive-distrib/1.0/,no
2604.20728v1,CC BY 4.0,http://creativecommons.org/licenses/by/4.0/,yes
2604.20726v2,arXiv non-exclusive,http://arxiv.org/licenses/nonexclusive-distrib/1.0/,no
2604.20727v1,CC BY 4.0,http://creativecommons.org/licenses/by/4.0/,yes
2604.20723v1,CC BY 4.0,http://creativecommons.org/licenses/by/4.0/,yes
2604.20721v1,arXiv non-exclusive,http://arxiv.org/licenses/nonexclusive-distrib/1.0/,no
2604.20720v1,CC BY 4.0,http://creativecommons.org/licenses/by/4.0/,yes
2604.20719v1,CC BY-NC-SA 4.0,http://creativecommons.org/licenses/by-nc-sa/4.0/,no
2604.20715v1,CC BY 4.0,http://creativecommons.org/licenses/by/4.0/,yes
2604.20714v1,CC BY 4.0,http://creativecommons.org/licenses/by/4.0/,yes
2604.20712v1,CC BY 4.0,http://creativecommons.org/licenses/by/4.0/,yes
2604.20711v1,CC BY-NC-ND 4.0,http://creativecommons.org/licenses/by-nc-nd/4.0/,no
2604.20707v1,arXiv non-exclusive,http://arxiv.org/licenses/nonexclusive-distrib/1.0/,no
2604.20706v1,CC BY 4.0,http://creativecommons.org/licenses/by/4.0/,yes
2604.20943v1,CC BY 4.0,http://creativecommons.org/licenses/by/4.0/,yes
2604.20705v1,arXiv non-exclusive,http://arxiv.org/licenses/nonexclusive-distrib/1.0/,no
2604.20704v1,CC BY 4.0,http://creativecommons.org/licenses/by/4.0/,yes
2604.20702v1,arXiv non-exclusive,http://arxiv.org/licenses/nonexclusive-distrib/1.0/,no
2604.20696v1,arXiv non-exclusive,http://arxiv.org/licenses/nonexclusive-distrib/1.0/,no
2604.20692v1,arXiv non-exclusive,http://arxiv.org/licenses/nonexclusive-distrib/1.0/,no
2604.20688v2,arXiv non-exclusive,http://arxiv.org/licenses/nonexclusive-distrib/1.0/,no
2604.20686v1,arXiv non-exclusive,http://arxiv.org/licenses/nonexclusive-distrib/1.0/,no
2604.20685v1,arXiv non-exclusive,http://arxiv.org/licenses/nonexclusive-distrib/1.0/,no
2604.20684v1,arXiv non-exclusive,http://arxiv.org/licenses/nonexclusive-distrib/1.0/,no
2604.20682v1,arXiv non-exclusive,http://arxiv.org/licenses/nonexclusive-distrib/1.0/,no
2604.20679v1,CC BY 4.0,http://creativecommons.org/licenses/by/4.0/,yes
2604.20677v2,arXiv non-exclusive,http://arxiv.org/licenses/nonexclusive-distrib/1.0/,no
2604.20675v1,CC BY 4.0,http://creativecommons.org/licenses/by/4.0/,yes
2604.20673v1,arXiv non-exclusive,http://arxiv.org/licenses/nonexclusive-distrib/1.0/,no
2604.20659v1,arXiv non-exclusive,http://arxiv.org/licenses/nonexclusive-distrib/1.0/,no
2604.20658v1,arXiv non-exclusive,http://arxiv.org/licenses/nonexclusive-distrib/1.0/,no
2604.20650v1,arXiv non-exclusive,http://arxiv.org/licenses/nonexclusive-distrib/1.0/,no
2604.20648v1,arXiv non-exclusive,http://arxiv.org/licenses/nonexclusive-distrib/1.0/,no
2604.20643v1,arXiv non-exclusive,http://arxiv.org/licenses/nonexclusive-distrib/1.0/,no
2604.21902v1,arXiv non-exclusive,http://arxiv.org/licenses/nonexclusive-distrib/1.0/,no
2604.21875v1,arXiv non-exclusive,http://arxiv.org/licenses/nonexclusive-distrib/1.0/,no
2604.21858v1,CC BY 4.0,http://creativecommons.org/licenses/by/4.0/,yes
2604.21832v1,arXiv non-exclusive,http://arxiv.org/licenses/nonexclusive-distrib/1.0/,no
2604.21805v1,arXiv non-exclusive,http://arxiv.org/licenses/nonexclusive-distrib/1.0/,no
2604.21804v1,arXiv non-exclusive,http://arxiv.org/licenses/nonexclusive-distrib/1.0/,no
2604.21797v1,arXiv non-exclusive,http://arxiv.org/licenses/nonexclusive-distrib/1.0/,no
2604.21781v1,arXiv non-exclusive,http://arxiv.org/licenses/nonexclusive-distrib/1.0/,no
2604.21779v1,arXiv non-exclusive,http://arxiv.org/licenses/nonexclusive-distrib/1.0/,no
2604.21773v1,CC BY-NC-ND 4.0,http://creativecommons.org/licenses/by-nc-nd/4.0/,no
2604.21723v1,CC BY 4.0,http://creativecommons.org/licenses/by/4.0/,yes
2604.21708v1,CC BY 4.0,http://creativecommons.org/licenses/by/4.0/,yes
2604.21687v1,CC BY 4.0,http://creativecommons.org/licenses/by/4.0/,yes
2604.21683v1,arXiv non-exclusive,http://arxiv.org/licenses/nonexclusive-distrib/1.0/,no
2604.21636v1,CC BY 4.0,http://creativecommons.org/licenses/by/4.0/,yes
2604.21528v1,CC BY 4.0,http://creativecommons.org/licenses/by/4.0/,yes
2604.21512v1,CC BY 4.0,http://creativecommons.org/licenses/by/4.0/,yes
2604.21494v1,CC BY-NC-ND 4.0,http://creativecommons.org/licenses/by-nc-nd/4.0/,no
2604.21485v1,CC BY 4.0,http://creativecommons.org/licenses/by/4.0/,yes
2604.21474v1,arXiv non-exclusive,http://arxiv.org/licenses/nonexclusive-distrib/1.0/,no
2604.21466v1,CC BY 4.0,http://creativecommons.org/licenses/by/4.0/,yes
2604.21448v1,CC BY 4.0,http://creativecommons.org/licenses/by/4.0/,yes
2604.21441v1,CC BY 4.0,http://creativecommons.org/licenses/by/4.0/,yes
2604.21427v1,arXiv non-exclusive,http://arxiv.org/licenses/nonexclusive-distrib/1.0/,no
2604.21425v1,arXiv non-exclusive,http://arxiv.org/licenses/nonexclusive-distrib/1.0/,no
2604.21424v1,CC BY 4.0,http://creativecommons.org/licenses/by/4.0/,yes
2604.21417v1,CC BY-NC-ND 4.0,http://creativecommons.org/licenses/by-nc-nd/4.0/,no
2604.21341v1,arXiv non-exclusive,http://arxiv.org/licenses/nonexclusive-distrib/1.0/,no
2604.21307v1,CC BY 4.0,http://creativecommons.org/licenses/by/4.0/,yes
2604.21301v1,CC BY-NC-ND 4.0,http://creativecommons.org/licenses/by-nc-nd/4.0/,no
2604.21297v1,arXiv non-exclusive,http://arxiv.org/licenses/nonexclusive-distrib/1.0/,no
2604.21283v1,CC BY 4.0,http://creativecommons.org/licenses/by/4.0/,yes
2604.21250v1,CC BY 4.0,http://creativecommons.org/licenses/by/4.0/,yes
2604.21243v1,CC BY-NC-SA 4.0,http://creativecommons.org/licenses/by-nc-sa/4.0/,no
2604.21207v1,arXiv non-exclusive,http://arxiv.org/licenses/nonexclusive-distrib/1.0/,no
2604.21206v1,arXiv non-exclusive,http://arxiv.org/licenses/nonexclusive-distrib/1.0/,no
2604.21181v1,arXiv non-exclusive,http://arxiv.org/licenses/nonexclusive-distrib/1.0/,no
2604.21180v1,CC BY 4.0,http://creativecommons.org/licenses/by/4.0/,yes
2604.21165v1,arXiv non-exclusive,http://arxiv.org/licenses/nonexclusive-distrib/1.0/,no
2604.21158v1,CC BY 4.0,http://creativecommons.org/licenses/by/4.0/,yes
2604.21149v1,arXiv non-exclusive,http://arxiv.org/licenses/nonexclusive-distrib/1.0/,no
2604.21128v1,CC BY 4.0,http://creativecommons.org/licenses/by/4.0/,yes
2604.21069v1,CC BY 4.0,http://creativecommons.org/licenses/by/4.0/,yes
2604.21064v1,arXiv non-exclusive,http://arxiv.org/licenses/nonexclusive-distrib/1.0/,no
2604.21056v1,arXiv non-exclusive,http://arxiv.org/licenses/nonexclusive-distrib/1.0/,no
2604.21054v1,CC BY-NC-SA 4.0,http://creativecommons.org/licenses/by-nc-sa/4.0/,no
2604.21038v1,CC BY 4.0,http://creativecommons.org/licenses/by/4.0/,yes
2604.21033v1,arXiv non-exclusive,http://arxiv.org/licenses/nonexclusive-distrib/1.0/,no
2604.21023v1,CC BY 4.0,http://creativecommons.org/licenses/by/4.0/,yes
2604.21021v1,CC BY 4.0,http://creativecommons.org/licenses/by/4.0/,yes
2604.21000v1,CC BY 4.0,http://creativecommons.org/licenses/by/4.0/,yes
2604.20997v1,CC BY 4.0,http://creativecommons.org/licenses/by/4.0/,yes
2604.20969v1,CC BY 4.0,http://creativecommons.org/licenses/by/4.0/,yes
2604.20965v1,CC BY 4.0,http://creativecommons.org/licenses/by/4.0/,yes
2604.20963v1,CC BY 4.0,http://creativecommons.org/licenses/by/4.0/,yes
2604.20829v2,CC BY 4.0,http://creativecommons.org/licenses/by/4.0/,yes
2604.20757v1,CC BY 4.0,http://creativecommons.org/licenses/by/4.0/,yes
2604.20713v1,arXiv non-exclusive,http://arxiv.org/licenses/nonexclusive-distrib/1.0/,no
2604.20703v1,CC BY 4.0,http://creativecommons.org/licenses/by/4.0/,yes
2604.20691v1,CC BY 4.0,http://creativecommons.org/licenses/by/4.0/,yes
2604.20678v1,CC BY 4.0,http://creativecommons.org/licenses/by/4.0/,yes
2604.20583v1,arXiv non-exclusive,http://arxiv.org/licenses/nonexclusive-distrib/1.0/,no
2604.20939v1,arXiv non-exclusive,http://arxiv.org/licenses/nonexclusive-distrib/1.0/,no
2604.20552v1,CC BY 4.0,http://creativecommons.org/licenses/by/4.0/,yes
2604.20538v2,CC BY 4.0,http://creativecommons.org/licenses/by/4.0/,yes
2604.20526v1,arXiv non-exclusive,http://arxiv.org/licenses/nonexclusive-distrib/1.0/,no
2604.20519v1,CC BY 4.0,http://creativecommons.org/licenses/by/4.0/,yes
2604.20512v1,CC BY-NC-ND 4.0,http://creativecommons.org/licenses/by-nc-nd/4.0/,no
2604.20504v1,arXiv non-exclusive,http://arxiv.org/licenses/nonexclusive-distrib/1.0/,no
2604.20502v1,CC BY 4.0,http://creativecommons.org/licenses/by/4.0/,yes
2604.20497v1,CC BY 4.0,http://creativecommons.org/licenses/by/4.0/,yes
2604.20484v1,CC BY-NC-ND 4.0,http://creativecommons.org/licenses/by-nc-nd/4.0/,no
2604.20482v1,arXiv non-exclusive,http://arxiv.org/licenses/nonexclusive-distrib/1.0/,no
2604.20476v1,CC BY 4.0,http://creativecommons.org/licenses/by/4.0/,yes
2604.20467v1,CC BY 4.0,http://creativecommons.org/licenses/by/4.0/,yes
2604.20463v1,CC BY 4.0,http://creativecommons.org/licenses/by/4.0/,yes
2604.20458v1,arXiv non-exclusive,http://arxiv.org/licenses/nonexclusive-distrib/1.0/,no
2604.20388v1,arXiv non-exclusive,http://arxiv.org/licenses/nonexclusive-distrib/1.0/,no
2604.20379v1,arXiv non-exclusive,http://arxiv.org/licenses/nonexclusive-distrib/1.0/,no
2604.20372v1,CC BY-NC-ND 4.0,http://creativecommons.org/licenses/by-nc-nd/4.0/,no
2604.20341v1,CC BY-NC-SA 4.0,http://creativecommons.org/licenses/by-nc-sa/4.0/,no
2604.20324v1,CC BY-NC-ND 4.0,http://creativecommons.org/licenses/by-nc-nd/4.0/,no
2604.20277v1,CC BY 4.0,http://creativecommons.org/licenses/by/4.0/,yes
2604.20251v1,CC BY 4.0,http://creativecommons.org/licenses/by/4.0/,yes
2604.20241v1,CC BY 4.0,http://creativecommons.org/licenses/by/4.0/,yes
2604.20222v2,CC BY 4.0,http://creativecommons.org/licenses/by/4.0/,yes
2604.20207v1,arXiv non-exclusive,http://arxiv.org/licenses/nonexclusive-distrib/1.0/,no
2604.20194v1,arXiv non-exclusive,http://arxiv.org/licenses/nonexclusive-distrib/1.0/,no
2604.20186v1,arXiv non-exclusive,http://arxiv.org/licenses/nonexclusive-distrib/1.0/,no
2604.20163v1,arXiv non-exclusive,http://arxiv.org/licenses/nonexclusive-distrib/1.0/,no
2604.20143v1,CC BY 4.0,http://creativecommons.org/licenses/by/4.0/,yes
2604.20125v1,arXiv non-exclusive,http://arxiv.org/licenses/nonexclusive-distrib/1.0/,no
2604.20124v1,arXiv non-exclusive,http://arxiv.org/licenses/nonexclusive-distrib/1.0/,no
2604.20112v1,arXiv non-exclusive,http://arxiv.org/licenses/nonexclusive-distrib/1.0/,no
2604.20101v1,arXiv non-exclusive,http://arxiv.org/licenses/nonexclusive-distrib/1.0/,no
2604.20089v1,CC BY 4.0,http://creativecommons.org/licenses/by/4.0/,yes
2604.20053v1,CC BY 4.0,http://creativecommons.org/licenses/by/4.0/,yes
2604.20036v1,CC BY-NC-ND 4.0,http://creativecommons.org/licenses/by-nc-nd/4.0/,no
2604.20028v1,arXiv non-exclusive,http://arxiv.org/licenses/nonexclusive-distrib/1.0/,no
2604.20007v1,CC BY 4.0,http://creativecommons.org/licenses/by/4.0/,yes
2604.19991v1,CC BY-NC-SA 4.0,http://creativecommons.org/licenses/by-nc-sa/4.0/,no
2604.19968v1,arXiv non-exclusive,http://arxiv.org/licenses/nonexclusive-distrib/1.0/,no
2604.19964v1,CC BY 4.0,http://creativecommons.org/licenses/by/4.0/,yes
2604.19961v1,CC BY 4.0,http://creativecommons.org/licenses/by/4.0/,yes
2604.19957v1,arXiv non-exclusive,http://arxiv.org/licenses/nonexclusive-distrib/1.0/,no
2604.19944v1,CC BY 4.0,http://creativecommons.org/licenses/by/4.0/,yes
2604.19927v1,CC BY-NC-SA 4.0,http://creativecommons.org/licenses/by-nc-sa/4.0/,no
2604.19901v1,arXiv non-exclusive,http://arxiv.org/licenses/nonexclusive-distrib/1.0/,no
2604.19875v1,CC BY 4.0,http://creativecommons.org/licenses/by/4.0/,yes
2604.19682v1,arXiv non-exclusive,http://arxiv.org/licenses/nonexclusive-distrib/1.0/,no
2604.19662v1,arXiv non-exclusive,http://arxiv.org/licenses/nonexclusive-distrib/1.0/,no
2604.19647v1,arXiv non-exclusive,http://arxiv.org/licenses/nonexclusive-distrib/1.0/,no
2604.19622v1,CC BY 4.0,http://creativecommons.org/licenses/by/4.0/,yes
2604.19588v1,CC BY 4.0,http://creativecommons.org/licenses/by/4.0/,yes
2604.19563v1,arXiv non-exclusive,http://arxiv.org/licenses/nonexclusive-distrib/1.0/,no
2604.19539v1,CC BY 4.0,http://creativecommons.org/licenses/by/4.0/,yes
2604.19527v1,CC BY 4.0,http://creativecommons.org/licenses/by/4.0/,yes
2604.19524v1,CC BY-NC-ND 4.0,http://creativecommons.org/licenses/by-nc-nd/4.0/,no
2604.19513v1,arXiv non-exclusive,http://arxiv.org/licenses/nonexclusive-distrib/1.0/,no
2604.19500v1,CC BY 4.0,http://creativecommons.org/licenses/by/4.0/,yes
2604.19491v1,CC BY 4.0,http://creativecommons.org/licenses/by/4.0/,yes
2604.19470v1,CC BY 4.0,http://creativecommons.org/licenses/by/4.0/,yes
2604.19465v1,arXiv non-exclusive,http://arxiv.org/licenses/nonexclusive-distrib/1.0/,no
2604.19458v1,arXiv non-exclusive,http://arxiv.org/licenses/nonexclusive-distrib/1.0/,no
2604.20897v1,CC BY 4.0,http://creativecommons.org/licenses/by/4.0/,yes
2604.19456v1,CC BY 4.0,http://creativecommons.org/licenses/by/4.0/,yes
2604.19436v2,CC BY 4.0,http://creativecommons.org/licenses/by/4.0/,yes
2604.19433v1,arXiv non-exclusive,http://arxiv.org/licenses/nonexclusive-distrib/1.0/,no
2604.19428v1,CC BY 4.0,http://creativecommons.org/licenses/by/4.0/,yes
2604.19421v1,CC BY-NC-SA 4.0,http://creativecommons.org/licenses/by-nc-sa/4.0/,no
2604.19419v1,CC BY-NC-ND 4.0,http://creativecommons.org/licenses/by-nc-nd/4.0/,no
2604.19407v1,CC BY-NC-ND 4.0,http://creativecommons.org/licenses/by-nc-nd/4.0/,no
2604.19387v1,CC BY-NC-SA 4.0,http://creativecommons.org/licenses/by-nc-sa/4.0/,no
2604.19375v1,arXiv non-exclusive,http://arxiv.org/licenses/nonexclusive-distrib/1.0/,no
2604.19362v1,CC BY 4.0,http://creativecommons.org/licenses/by/4.0/,yes
2604.19340v1,arXiv non-exclusive,http://arxiv.org/licenses/nonexclusive-distrib/1.0/,no
2604.19326v1,arXiv non-exclusive,http://arxiv.org/licenses/nonexclusive-distrib/1.0/,no
2604.19319v1,arXiv non-exclusive,http://arxiv.org/licenses/nonexclusive-distrib/1.0/,no
2604.19311v1,CC BY 4.0,http://creativecommons.org/licenses/by/4.0/,yes
2604.19302v1,CC BY-NC-SA 4.0,http://creativecommons.org/licenses/by-nc-sa/4.0/,no
2604.19289v1,arXiv non-exclusive,http://arxiv.org/licenses/nonexclusive-distrib/1.0/,no
2604.19242v1,CC BY-NC-ND 4.0,http://creativecommons.org/licenses/by-nc-nd/4.0/,no
2604.19235v1,CC BY 4.0,http://creativecommons.org/licenses/by/4.0/,yes
2604.19226v1,arXiv non-exclusive,http://arxiv.org/licenses/nonexclusive-distrib/1.0/,no
2604.19222v1,arXiv non-exclusive,http://arxiv.org/licenses/nonexclusive-distrib/1.0/,no
2604.19214v1,CC BY-NC-ND 4.0,http://creativecommons.org/licenses/by-nc-nd/4.0/,no
2604.19173v1,CC BY-NC-SA 4.0,http://creativecommons.org/licenses/by-nc-sa/4.0/,no
2604.19132v1,arXiv non-exclusive,http://arxiv.org/licenses/nonexclusive-distrib/1.0/,no
2604.19121v2,CC BY-NC-SA 4.0,http://creativecommons.org/licenses/by-nc-sa/4.0/,no
2604.19103v1,CC BY 4.0,http://creativecommons.org/licenses/by/4.0/,yes
2604.19101v1,CC BY 4.0,http://creativecommons.org/licenses/by/4.0/,yes
2604.19051v1,CC BY 4.0,http://creativecommons.org/licenses/by/4.0/,yes
2604.19050v1,arXiv non-exclusive,http://arxiv.org/licenses/nonexclusive-distrib/1.0/,no
2604.19027v1,CC BY 4.0,http://creativecommons.org/licenses/by/4.0/,yes
2604.18983v1,arXiv non-exclusive,http://arxiv.org/licenses/nonexclusive-distrib/1.0/,no
2604.18928v1,arXiv non-exclusive,http://arxiv.org/licenses/nonexclusive-distrib/1.0/,no
2604.18917v1,arXiv non-exclusive,http://arxiv.org/licenses/nonexclusive-distrib/1.0/,no
2604.18906v1,CC BY-NC-SA 4.0,http://creativecommons.org/licenses/by-nc-sa/4.0/,no
2604.18885v1,CC BY 4.0,http://creativecommons.org/licenses/by/4.0/,yes
2604.19830v1,CC BY-NC-ND 4.0,http://creativecommons.org/licenses/by-nc-nd/4.0/,no
2604.18865v1,CC BY 4.0,http://creativecommons.org/licenses/by/4.0/,yes
2604.18851v1,arXiv non-exclusive,http://arxiv.org/licenses/nonexclusive-distrib/1.0/,no
2604.18817v1,CC BY 4.0,http://creativecommons.org/licenses/by/4.0/,yes
2604.18807v1,arXiv non-exclusive,http://arxiv.org/licenses/nonexclusive-distrib/1.0/,no
2604.18771v1,CC BY 4.0,http://creativecommons.org/licenses/by/4.0/,yes
2604.18755v1,CC BY 4.0,http://creativecommons.org/licenses/by/4.0/,yes
2604.18727v1,CC BY 4.0,http://creativecommons.org/licenses/by/4.0/,yes
2604.18681v1,CC BY 4.0,http://creativecommons.org/licenses/by/4.0/,yes
2604.18541v1,CC BY 4.0,http://creativecommons.org/licenses/by/4.0/,yes
2604.18536v1,CC BY 4.0,http://creativecommons.org/licenses/by/4.0/,yes
2604.18531v1,arXiv non-exclusive,http://arxiv.org/licenses/nonexclusive-distrib/1.0/,no
2604.18514v1,CC BY 4.0,http://creativecommons.org/licenses/by/4.0/,yes
2604.18506v1,CC BY 4.0,http://creativecommons.org/licenses/by/4.0/,yes
2604.18494v1,CC0 1.0,http://creativecommons.org/publicdomain/zero/1.0/,yes
2604.19828v1,CC BY 4.0,http://creativecommons.org/licenses/by/4.0/,yes
2604.18483v1,CC BY 4.0,http://creativecommons.org/licenses/by/4.0/,yes
2604.18472v1,arXiv non-exclusive,http://arxiv.org/licenses/nonexclusive-distrib/1.0/,no
2604.18466v1,CC BY-SA 4.0,http://creativecommons.org/licenses/by-sa/4.0/,yes
2604.18456v1,CC BY-NC-SA 4.0,http://creativecommons.org/licenses/by-nc-sa/4.0/,no
2604.18447v2,arXiv non-exclusive,http://arxiv.org/licenses/nonexclusive-distrib/1.0/,no
2604.18440v1,CC BY 4.0,http://creativecommons.org/licenses/by/4.0/,yes
2604.18439v1,CC BY 4.0,http://creativecommons.org/licenses/by/4.0/,yes
2604.18431v2,arXiv non-exclusive,http://arxiv.org/licenses/nonexclusive-distrib/1.0/,no
2604.18426v1,arXiv non-exclusive,http://arxiv.org/licenses/nonexclusive-distrib/1.0/,no
2604.18422v1,CC BY-NC-SA 4.0,http://creativecommons.org/licenses/by-nc-sa/4.0/,no
2604.18379v1,arXiv non-exclusive,http://arxiv.org/licenses/nonexclusive-distrib/1.0/,no
2604.18357v1,arXiv non-exclusive,http://arxiv.org/licenses/nonexclusive-distrib/1.0/,no
2604.18342v1,CC BY-NC-ND 4.0,http://creativecommons.org/licenses/by-nc-nd/4.0/,no
2604.18155v1,arXiv non-exclusive,http://arxiv.org/licenses/nonexclusive-distrib/1.0/,no
2604.18136v1,CC BY 4.0,http://creativecommons.org/licenses/by/4.0/,yes
2604.18127v1,arXiv non-exclusive,http://arxiv.org/licenses/nonexclusive-distrib/1.0/,no
2604.18081v1,CC BY-NC-ND 4.0,http://creativecommons.org/licenses/by-nc-nd/4.0/,no
2604.18062v1,arXiv non-exclusive,http://arxiv.org/licenses/nonexclusive-distrib/1.0/,no
2604.18059v1,CC BY-NC-ND 4.0,http://creativecommons.org/licenses/by-nc-nd/4.0/,no
2604.17993v1,CC BY 4.0,http://creativecommons.org/licenses/by/4.0/,yes
2604.17990v1,CC BY 4.0,http://creativecommons.org/licenses/by/4.0/,yes
2604.17985v1,CC BY 4.0,http://creativecommons.org/licenses/by/4.0/,yes
2604.17953v1,CC BY 4.0,http://creativecommons.org/licenses/by/4.0/,yes
2604.17946v1,arXiv non-exclusive,http://arxiv.org/licenses/nonexclusive-distrib/1.0/,no
2604.17925v1,CC BY 4.0,http://creativecommons.org/licenses/by/4.0/,yes
2604.17913v1,CC BY 4.0,http://creativecommons.org/licenses/by/4.0/,yes
2604.18653v1,CC BY-NC-ND 4.0,http://creativecommons.org/licenses/by-nc-nd/4.0/,no
2604.17851v1,arXiv non-exclusive,http://arxiv.org/licenses/nonexclusive-distrib/1.0/,no
2604.17839v1,CC BY 4.0,http://creativecommons.org/licenses/by/4.0/,yes
2604.17825v1,CC BY 4.0,http://creativecommons.org/licenses/by/4.0/,yes
2604.17767v1,CC BY 4.0,http://creativecommons.org/licenses/by/4.0/,yes
2604.17723v1,CC BY 4.0,http://creativecommons.org/licenses/by/4.0/,yes
2604.17702v1,arXiv non-exclusive,http://arxiv.org/licenses/nonexclusive-distrib/1.0/,no
2604.17689v1,arXiv non-exclusive,http://arxiv.org/licenses/nonexclusive-distrib/1.0/,no
2604.17678v1,CC BY 4.0,http://creativecommons.org/licenses/by/4.0/,yes
2604.17643v1,CC BY 4.0,http://creativecommons.org/licenses/by/4.0/,yes
2604.17605v1,CC BY 4.0,http://creativecommons.org/licenses/by/4.0/,yes
2604.17602v1,CC BY 4.0,http://creativecommons.org/licenses/by/4.0/,yes
2604.17571v1,CC BY-NC-SA 4.0,http://creativecommons.org/licenses/by-nc-sa/4.0/,no
2604.17566v1,CC BY 4.0,http://creativecommons.org/licenses/by/4.0/,yes
2604.17536v2,CC BY 4.0,http://creativecommons.org/licenses/by/4.0/,yes
2604.17489v1,arXiv non-exclusive,http://arxiv.org/licenses/nonexclusive-distrib/1.0/,no
2604.17468v1,CC BY 4.0,http://creativecommons.org/licenses/by/4.0/,yes
2604.17463v1,CC BY 4.0,http://creativecommons.org/licenses/by/4.0/,yes
2604.17452v1,arXiv non-exclusive,http://arxiv.org/licenses/nonexclusive-distrib/1.0/,no
2604.17425v1,CC BY 4.0,http://creativecommons.org/licenses/by/4.0/,yes
2604.17404v2,CC BY 4.0,http://creativecommons.org/licenses/by/4.0/,yes
2604.17357v1,arXiv non-exclusive,http://arxiv.org/licenses/nonexclusive-distrib/1.0/,no
2604.17352v2,arXiv non-exclusive,http://arxiv.org/licenses/nonexclusive-distrib/1.0/,no
2604.17266v1,arXiv non-exclusive,http://arxiv.org/licenses/nonexclusive-distrib/1.0/,no
2604.17235v1,CC BY 4.0,http://creativecommons.org/licenses/by/4.0/,yes
2604.17218v1,arXiv non-exclusive,http://arxiv.org/licenses/nonexclusive-distrib/1.0/,no
2604.17156v1,CC BY-NC-ND 4.0,http://creativecommons.org/licenses/by-nc-nd/4.0/,no
2604.17131v1,CC BY 4.0,http://creativecommons.org/licenses/by/4.0/,yes
2604.17119v1,CC BY 4.0,http://creativecommons.org/licenses/by/4.0/,yes
2604.17094v1,CC BY 4.0,http://creativecommons.org/licenses/by/4.0/,yes
2604.17076v1,CC BY-NC-ND 4.0,http://creativecommons.org/licenses/by-nc-nd/4.0/,no
2604.17033v1,arXiv non-exclusive,http://arxiv.org/licenses/nonexclusive-distrib/1.0/,no
2604.17015v2,arXiv non-exclusive,http://arxiv.org/licenses/nonexclusive-distrib/1.0/,no
2604.16999v1,arXiv non-exclusive,http://arxiv.org/licenses/nonexclusive-distrib/1.0/,no
2604.16938v1,CC BY 4.0,http://creativecommons.org/licenses/by/4.0/,yes
2604.16928v1,arXiv non-exclusive,http://arxiv.org/licenses/nonexclusive-distrib/1.0/,no
2604.16924v1,CC BY 4.0,http://creativecommons.org/licenses/by/4.0/,yes
2604.16899v1,arXiv non-exclusive,http://arxiv.org/licenses/nonexclusive-distrib/1.0/,no
2604.16816v1,arXiv non-exclusive,http://arxiv.org/licenses/nonexclusive-distrib/1.0/,no
2604.16786v1,CC0 1.0,http://creativecommons.org/publicdomain/zero/1.0/,yes
2604.16743v1,arXiv non-exclusive,http://arxiv.org/licenses/nonexclusive-distrib/1.0/,no
2604.20886v1,CC BY 4.0,http://creativecommons.org/licenses/by/4.0/,yes
2604.16695v1,CC BY 4.0,http://creativecommons.org/licenses/by/4.0/,yes
2604.16692v1,CC BY 4.0,http://creativecommons.org/licenses/by/4.0/,yes
2604.16664v1,arXiv non-exclusive,http://arxiv.org/licenses/nonexclusive-distrib/1.0/,no
2604.16633v1,arXiv non-exclusive,http://arxiv.org/licenses/nonexclusive-distrib/1.0/,no
2604.16624v1,CC BY 4.0,http://creativecommons.org/licenses/by/4.0/,yes
2604.16602v1,CC BY 4.0,http://creativecommons.org/licenses/by/4.0/,yes
2604.16279v1,CC BY 4.0,http://creativecommons.org/licenses/by/4.0/,yes
2604.16274v1,arXiv non-exclusive,http://arxiv.org/licenses/nonexclusive-distrib/1.0/,no
2604.16250v1,arXiv non-exclusive,http://arxiv.org/licenses/nonexclusive-distrib/1.0/,no
2604.16245v1,arXiv non-exclusive,http://arxiv.org/licenses/nonexclusive-distrib/1.0/,no
2604.16238v1,CC BY 4.0,http://creativecommons.org/licenses/by/4.0/,yes
2604.16237v1,CC BY-NC-ND 4.0,http://creativecommons.org/licenses/by-nc-nd/4.0/,no
2604.16228v2,CC BY 4.0,http://creativecommons.org/licenses/by/4.0/,yes
2604.16205v1,arXiv non-exclusive,http://arxiv.org/licenses/nonexclusive-distrib/1.0/,no
2604.16193v1,CC BY 4.0,http://creativecommons.org/licenses/by/4.0/,yes
2604.16179v1,CC BY 4.0,http://creativecommons.org/licenses/by/4.0/,yes
2604.16173v1,CC BY 4.0,http://creativecommons.org/licenses/by/4.0/,yes
2604.16166v1,CC BY 4.0,http://creativecommons.org/licenses/by/4.0/,yes
2604.16157v1,arXiv non-exclusive,http://arxiv.org/licenses/nonexclusive-distrib/1.0/,no
2604.16156v1,arXiv non-exclusive,http://arxiv.org/licenses/nonexclusive-distrib/1.0/,no
2604.16150v1,CC BY-NC-ND 4.0,http://creativecommons.org/licenses/by-nc-nd/4.0/,no
2604.16142v1,CC BY-NC-ND 4.0,http://creativecommons.org/licenses/by-nc-nd/4.0/,no
2604.16136v1,CC BY 4.0,http://creativecommons.org/licenses/by/4.0/,yes
2604.16134v1,CC BY 4.0,http://creativecommons.org/licenses/by/4.0/,yes
2604.16123v2,CC BY 4.0,http://creativecommons.org/licenses/by/4.0/,yes
2604.16107v1,arXiv non-exclusive,http://arxiv.org/licenses/nonexclusive-distrib/1.0/,no
2604.16073v1,CC BY 4.0,http://creativecommons.org/licenses/by/4.0/,yes
2604.16065v1,arXiv non-exclusive,http://arxiv.org/licenses/nonexclusive-distrib/1.0/,no
2604.16057v1,arXiv non-exclusive,http://arxiv.org/licenses/nonexclusive-distrib/1.0/,no
2604.16032v1,CC0 1.0,http://creativecommons.org/publicdomain/zero/1.0/,yes
2604.16011v1,arXiv non-exclusive,http://arxiv.org/licenses/nonexclusive-distrib/1.0/,no
2604.16573v1,CC BY 4.0,http://creativecommons.org/licenses/by/4.0/,yes
2604.15955v1,CC BY 4.0,http://creativecommons.org/licenses/by/4.0/,yes
2604.16569v1,arXiv non-exclusive,http://arxiv.org/licenses/nonexclusive-distrib/1.0/,no
2604.15934v1,CC BY-SA 4.0,http://creativecommons.org/licenses/by-sa/4.0/,yes
2604.15913v1,CC BY 4.0,http://creativecommons.org/licenses/by/4.0/,yes
2604.16564v1,CC BY 4.0,http://creativecommons.org/licenses/by/4.0/,yes
2604.15905v1,arXiv non-exclusive,http://arxiv.org/licenses/nonexclusive-distrib/1.0/,no
2604.15869v1,arXiv non-exclusive,http://arxiv.org/licenses/nonexclusive-distrib/1.0/,no
2604.15848v1,CC BY 4.0,http://creativecommons.org/licenses/by/4.0/,yes
2604.15801v1,CC BY-SA 4.0,http://creativecommons.org/licenses/by-sa/4.0/,yes
2604.15799v1,arXiv non-exclusive,http://arxiv.org/licenses/nonexclusive-distrib/1.0/,no
2604.15785v1,CC BY 4.0,http://creativecommons.org/licenses/by/4.0/,yes
2604.15784v1,arXiv non-exclusive,http://arxiv.org/licenses/nonexclusive-distrib/1.0/,no
2604.15782v1,arXiv non-exclusive,http://arxiv.org/licenses/nonexclusive-distrib/1.0/,no
2604.15747v1,CC BY 4.0,http://creativecommons.org/licenses/by/4.0/,yes
2604.16547v1,CC BY 4.0,http://creativecommons.org/licenses/by/4.0/,yes
2604.15685v1,CC BY 4.0,http://creativecommons.org/licenses/by/4.0/,yes
2604.15645v1,CC BY 4.0,http://creativecommons.org/licenses/by/4.0/,yes
2604.15634v1,arXiv non-exclusive,http://arxiv.org/licenses/nonexclusive-distrib/1.0/,no
2604.15617v1,CC BY 4.0,http://creativecommons.org/licenses/by/4.0/,yes
2604.15551v1,CC BY 4.0,http://creativecommons.org/licenses/by/4.0/,yes
2604.15550v1,CC BY 4.0,http://creativecommons.org/licenses/by/4.0/,yes
2604.15545v1,CC BY-NC-SA 4.0,http://creativecommons.org/licenses/by-nc-sa/4.0/,no
2604.15518v1,CC BY 4.0,http://creativecommons.org/licenses/by/4.0/,yes
2604.15517v1,CC BY-NC-SA 4.0,http://creativecommons.org/licenses/by-nc-sa/4.0/,no
2604.15493v1,arXiv non-exclusive,http://arxiv.org/licenses/nonexclusive-distrib/1.0/,no
2604.15481v1,CC BY 4.0,http://creativecommons.org/licenses/by/4.0/,yes
2604.15478v1,CC BY 4.0,http://creativecommons.org/licenses/by/4.0/,yes
2604.15476v1,CC BY 4.0,http://creativecommons.org/licenses/by/4.0/,yes
2604.15467v1,CC BY 4.0,http://creativecommons.org/licenses/by/4.0/,yes
2604.15450v1,CC BY-NC-SA 4.0,http://creativecommons.org/licenses/by-nc-sa/4.0/,no
2604.15433v1,arXiv non-exclusive,http://arxiv.org/licenses/nonexclusive-distrib/1.0/,no
2604.15417v1,arXiv non-exclusive,http://arxiv.org/licenses/nonexclusive-distrib/1.0/,no
2604.15277v2,CC BY-NC-ND 4.0,http://creativecommons.org/licenses/by-nc-nd/4.0/,no
2604.15265v1,CC BY 4.0,http://creativecommons.org/licenses/by/4.0/,yes
2604.15246v2,CC BY 4.0,http://creativecommons.org/licenses/by/4.0/,yes
2604.15211v1,CC BY 4.0,http://creativecommons.org/licenses/by/4.0/,yes
2604.15411v1,arXiv non-exclusive,http://arxiv.org/licenses/nonexclusive-distrib/1.0/,no
2604.15407v1,CC BY 4.0,http://creativecommons.org/licenses/by/4.0/,yes
2604.15406v1,CC BY 4.0,http://creativecommons.org/licenses/by/4.0/,yes
2604.15126v1,CC BY 4.0,http://creativecommons.org/licenses/by/4.0/,yes
2604.15116v1,arXiv non-exclusive,http://arxiv.org/licenses/nonexclusive-distrib/1.0/,no
2604.15046v1,arXiv non-exclusive,http://arxiv.org/licenses/nonexclusive-distrib/1.0/,no
2604.15024v1,CC BY 4.0,http://creativecommons.org/licenses/by/4.0/,yes
2604.14982v1,CC BY 4.0,http://creativecommons.org/licenses/by/4.0/,yes
2604.14938v1,arXiv non-exclusive,http://arxiv.org/licenses/nonexclusive-distrib/1.0/,no
2604.14926v1,CC BY 4.0,http://creativecommons.org/licenses/by/4.0/,yes
2604.14921v1,arXiv non-exclusive,http://arxiv.org/licenses/nonexclusive-distrib/1.0/,no
2604.14918v1,arXiv non-exclusive,http://arxiv.org/licenses/nonexclusive-distrib/1.0/,no
2604.14917v1,arXiv non-exclusive,http://arxiv.org/licenses/nonexclusive-distrib/1.0/,no
2604.14906v1,CC BY 4.0,http://creativecommons.org/licenses/by/4.0/,yes
2604.14904v1,arXiv non-exclusive,http://arxiv.org/licenses/nonexclusive-distrib/1.0/,no
2604.14901v1,arXiv non-exclusive,http://arxiv.org/licenses/nonexclusive-distrib/1.0/,no
2604.14864v1,CC BY 4.0,http://creativecommons.org/licenses/by/4.0/,yes
2604.15397v1,CC BY 4.0,http://creativecommons.org/licenses/by/4.0/,yes
2604.14836v1,CC BY 4.0,http://creativecommons.org/licenses/by/4.0/,yes
2604.14822v1,arXiv non-exclusive,http://arxiv.org/licenses/nonexclusive-distrib/1.0/,no
2604.14800v1,arXiv non-exclusive,http://arxiv.org/licenses/nonexclusive-distrib/1.0/,no
2604.14797v1,CC BY 4.0,http://creativecommons.org/licenses/by/4.0/,yes
2604.14784v1,CC BY 4.0,http://creativecommons.org/licenses/by/4.0/,yes
2604.14783v1,arXiv non-exclusive,http://arxiv.org/licenses/nonexclusive-distrib/1.0/,no
2604.14778v1,CC BY 4.0,http://creativecommons.org/licenses/by/4.0/,yes
2604.14777v1,CC BY 4.0,http://creativecommons.org/licenses/by/4.0/,yes
2604.14772v1,arXiv non-exclusive,http://arxiv.org/licenses/nonexclusive-distrib/1.0/,no
2604.14761v1,CC BY 4.0,http://creativecommons.org/licenses/by/4.0/,yes
2604.14756v1,arXiv non-exclusive,http://arxiv.org/licenses/nonexclusive-distrib/1.0/,no
2604.14748v1,arXiv non-exclusive,http://arxiv.org/licenses/nonexclusive-distrib/1.0/,no
2604.14744v1,CC BY 4.0,http://creativecommons.org/licenses/by/4.0/,yes
2604.14730v1,CC BY-NC-ND 4.0,http://creativecommons.org/licenses/by-nc-nd/4.0/,no
2604.14728v1,arXiv non-exclusive,http://arxiv.org/licenses/nonexclusive-distrib/1.0/,no
2604.14721v1,arXiv non-exclusive,http://arxiv.org/licenses/nonexclusive-distrib/1.0/,no
2604.14696v1,CC BY 4.0,http://creativecommons.org/licenses/by/4.0/,yes
2604.14679v1,arXiv non-exclusive,http://arxiv.org/licenses/nonexclusive-distrib/1.0/,no
2604.14664v1,CC BY-SA 4.0,http://creativecommons.org/licenses/by-sa/4.0/,yes
2604.14589v1,arXiv non-exclusive,http://arxiv.org/licenses/nonexclusive-distrib/1.0/,no
2604.14577v1,CC BY 4.0,http://creativecommons.org/licenses/by/4.0/,yes
2604.14567v1,arXiv non-exclusive,http://arxiv.org/licenses/nonexclusive-distrib/1.0/,no
2604.14562v1,CC BY-NC-SA 4.0,http://creativecommons.org/licenses/by-nc-sa/4.0/,no
2604.14553v1,arXiv non-exclusive,http://arxiv.org/licenses/nonexclusive-distrib/1.0/,no
2604.14491v1,CC BY-NC-ND 4.0,http://creativecommons.org/licenses/by-nc-nd/4.0/,no
2604.14472v1,CC BY-SA 4.0,http://creativecommons.org/licenses/by-sa/4.0/,yes
2604.14469v1,arXiv non-exclusive,http://arxiv.org/licenses/nonexclusive-distrib/1.0/,no
2604.14466v1,CC BY 4.0,http://creativecommons.org/licenses/by/4.0/,yes
2604.14451v1,arXiv non-exclusive,http://arxiv.org/licenses/nonexclusive-distrib/1.0/,no
2604.14447v1,CC BY 4.0,http://creativecommons.org/licenses/by/4.0/,yes
2604.14443v1,arXiv non-exclusive,http://arxiv.org/licenses/nonexclusive-distrib/1.0/,no
2604.14432v1,CC BY 4.0,http://creativecommons.org/licenses/by/4.0/,yes
2604.14426v2,CC BY 4.0,http://creativecommons.org/licenses/by/4.0/,yes
2604.14424v1,CC BY 4.0,http://creativecommons.org/licenses/by/4.0/,yes
2604.14402v1,CC BY 4.0,http://creativecommons.org/licenses/by/4.0/,yes
2604.14398v1,arXiv non-exclusive,http://arxiv.org/licenses/nonexclusive-distrib/1.0/,no
2604.14361v1,arXiv non-exclusive,http://arxiv.org/licenses/nonexclusive-distrib/1.0/,no
2604.14348v1,CC BY-SA 4.0,http://creativecommons.org/licenses/by-sa/4.0/,yes
2604.14342v1,CC BY 4.0,http://creativecommons.org/licenses/by/4.0/,yes
2604.14319v2,arXiv non-exclusive,http://arxiv.org/licenses/nonexclusive-distrib/1.0/,no
2604.14311v2,CC BY 4.0,http://creativecommons.org/licenses/by/4.0/,yes
2604.14119v1,CC BY 4.0,http://creativecommons.org/licenses/by/4.0/,yes
2604.14115v1,CC BY 4.0,http://creativecommons.org/licenses/by/4.0/,yes
2604.14083v1,CC BY 4.0,http://creativecommons.org/licenses/by/4.0/,yes
2604.14067v1,arXiv non-exclusive,http://arxiv.org/licenses/nonexclusive-distrib/1.0/,no
2604.14065v1,arXiv non-exclusive,http://arxiv.org/licenses/nonexclusive-distrib/1.0/,no
2604.14060v1,CC BY-NC-ND 4.0,http://creativecommons.org/licenses/by-nc-nd/4.0/,no
2604.14047v1,CC BY 4.0,http://creativecommons.org/licenses/by/4.0/,yes
2604.14028v2,CC BY 4.0,http://creativecommons.org/licenses/by/4.0/,yes
2604.14008v1,arXiv non-exclusive,http://arxiv.org/licenses/nonexclusive-distrib/1.0/,no
2604.13985v1,CC BY 4.0,http://creativecommons.org/licenses/by/4.0/,yes
2604.13963v1,arXiv non-exclusive,http://arxiv.org/licenses/nonexclusive-distrib/1.0/,no
2604.13948v1,CC BY 4.0,http://creativecommons.org/licenses/by/4.0/,yes
2604.13929v1,CC BY-NC-ND 4.0,http://creativecommons.org/licenses/by-nc-nd/4.0/,no
2604.13919v1,CC BY-NC-ND 4.0,http://creativecommons.org/licenses/by-nc-nd/4.0/,no
2604.13901v1,CC BY 4.0,http://creativecommons.org/licenses/by/4.0/,yes
2604.13897v1,CC BY 4.0,http://creativecommons.org/licenses/by/4.0/,yes
2604.13892v1,arXiv non-exclusive,http://arxiv.org/licenses/nonexclusive-distrib/1.0/,no
2604.18613v1,CC BY 4.0,http://creativecommons.org/licenses/by/4.0/,yes
2604.13890v1,CC BY 4.0,http://creativecommons.org/licenses/by/4.0/,yes
2604.13885v2,arXiv non-exclusive,http://arxiv.org/licenses/nonexclusive-distrib/1.0/,no
2604.13872v1,CC BY-SA 4.0,http://creativecommons.org/licenses/by-sa/4.0/,yes
2604.13858v1,arXiv non-exclusive,http://arxiv.org/licenses/nonexclusive-distrib/1.0/,no
2604.13827v1,arXiv non-exclusive,http://arxiv.org/licenses/nonexclusive-distrib/1.0/,no
2604.13774v1,CC BY 4.0,http://creativecommons.org/licenses/by/4.0/,yes
2604.13753v1,CC BY 4.0,http://creativecommons.org/licenses/by/4.0/,yes
2604.13752v1,arXiv non-exclusive,http://arxiv.org/licenses/nonexclusive-distrib/1.0/,no
2604.13729v1,CC BY 4.0,http://creativecommons.org/licenses/by/4.0/,yes
2604.13723v1,arXiv non-exclusive,http://arxiv.org/licenses/nonexclusive-distrib/1.0/,no
2604.13704v1,CC BY 4.0,http://creativecommons.org/licenses/by/4.0/,yes
2604.13676v1,CC BY 4.0,http://creativecommons.org/licenses/by/4.0/,yes
2604.13670v1,CC BY 4.0,http://creativecommons.org/licenses/by/4.0/,yes
2604.13659v2,CC BY 4.0,http://creativecommons.org/licenses/by/4.0/,yes
2604.13657v1,CC BY 4.0,http://creativecommons.org/licenses/by/4.0/,yes
2604.13649v1,arXiv non-exclusive,http://arxiv.org/licenses/nonexclusive-distrib/1.0/,no
2604.13623v1,CC BY 4.0,http://creativecommons.org/licenses/by/4.0/,yes
2604.13612v1,CC0 1.0,http://creativecommons.org/publicdomain/zero/1.0/,yes
2604.13590v1,CC BY 4.0,http://creativecommons.org/licenses/by/4.0/,yes
2604.13575v1,arXiv non-exclusive,http://arxiv.org/licenses/nonexclusive-distrib/1.0/,no
2604.13512v1,CC BY 4.0,http://creativecommons.org/licenses/by/4.0/,yes
2604.13503v1,arXiv non-exclusive,http://arxiv.org/licenses/nonexclusive-distrib/1.0/,no
2604.13499v1,CC BY-NC-SA 4.0,http://creativecommons.org/licenses/by-nc-sa/4.0/,no
2604.13481v1,CC BY 4.0,http://creativecommons.org/licenses/by/4.0/,yes
2604.13457v2,arXiv non-exclusive,http://arxiv.org/licenses/nonexclusive-distrib/1.0/,no
2604.13450v1,CC BY 4.0,http://creativecommons.org/licenses/by/4.0/,yes
2604.13447v1,arXiv non-exclusive,http://arxiv.org/licenses/nonexclusive-distrib/1.0/,no
2604.13407v1,CC BY 4.0,http://creativecommons.org/licenses/by/4.0/,yes
2604.13379v1,arXiv non-exclusive,http://arxiv.org/licenses/nonexclusive-distrib/1.0/,no
2604.13375v1,arXiv non-exclusive,http://arxiv.org/licenses/nonexclusive-distrib/1.0/,no
2604.13372v1,arXiv non-exclusive,http://arxiv.org/licenses/nonexclusive-distrib/1.0/,no
2604.13370v1,arXiv non-exclusive,http://arxiv.org/licenses/nonexclusive-distrib/1.0/,no
2604.13369v1,CC BY-NC-ND 4.0,http://creativecommons.org/licenses/by-nc-nd/4.0/,no
2604.13364v1,CC BY 4.0,http://creativecommons.org/licenses/by/4.0/,yes
2604.13357v1,arXiv non-exclusive,http://arxiv.org/licenses/nonexclusive-distrib/1.0/,no
2604.13338v1,CC BY 4.0,http://creativecommons.org/licenses/by/4.0/,yes
2604.13329v1,arXiv non-exclusive,http://arxiv.org/licenses/nonexclusive-distrib/1.0/,no
2604.13293v1,arXiv non-exclusive,http://arxiv.org/licenses/nonexclusive-distrib/1.0/,no
2604.14234v1,arXiv non-exclusive,http://arxiv.org/licenses/nonexclusive-distrib/1.0/,no
2604.13282v1,CC BY 4.0,http://creativecommons.org/licenses/by/4.0/,yes
2604.13249v1,CC BY 4.0,http://creativecommons.org/licenses/by/4.0/,yes
2604.13220v1,CC BY 4.0,http://creativecommons.org/licenses/by/4.0/,yes
2604.13213v1,arXiv non-exclusive,http://arxiv.org/licenses/nonexclusive-distrib/1.0/,no
2604.13196v2,arXiv non-exclusive,http://arxiv.org/licenses/nonexclusive-distrib/1.0/,no
2604.13176v1,CC BY 4.0,http://creativecommons.org/licenses/by/4.0/,yes
2604.13174v1,arXiv non-exclusive,http://arxiv.org/licenses/nonexclusive-distrib/1.0/,no
2604.13009v1,CC BY 4.0,http://creativecommons.org/licenses/by/4.0/,yes
2604.12976v1,CC BY 4.0,http://creativecommons.org/licenses/by/4.0/,yes
2604.12964v1,CC BY-SA 4.0,http://creativecommons.org/licenses/by-sa/4.0/,yes
2604.12957v1,CC BY-SA 4.0,http://creativecommons.org/licenses/by-sa/4.0/,yes
2604.13148v1,arXiv non-exclusive,http://arxiv.org/licenses/nonexclusive-distrib/1.0/,no
2604.12932v1,CC BY 4.0,http://creativecommons.org/licenses/by/4.0/,yes
2604.12930v1,CC BY 4.0,http://creativecommons.org/licenses/by/4.0/,yes
2604.12914v1,CC BY 4.0,http://creativecommons.org/licenses/by/4.0/,yes
2604.12906v1,CC BY 4.0,http://creativecommons.org/licenses/by/4.0/,yes
2604.12893v1,CC BY 4.0,http://creativecommons.org/licenses/by/4.0/,yes
2604.12889v1,CC BY 4.0,http://creativecommons.org/licenses/by/4.0/,yes
2604.12877v2,CC BY-NC-ND 4.0,http://creativecommons.org/licenses/by-nc-nd/4.0/,no
2604.12869v1,CC BY 4.0,http://creativecommons.org/licenses/by/4.0/,yes
2604.12861v1,CC BY-NC-ND 4.0,http://creativecommons.org/licenses/by-nc-nd/4.0/,no
2604.15365v1,arXiv non-exclusive,http://arxiv.org/licenses/nonexclusive-distrib/1.0/,no
2604.12838v2,arXiv non-exclusive,http://arxiv.org/licenses/nonexclusive-distrib/1.0/,no
2604.12824v1,CC BY-NC-SA 4.0,http://creativecommons.org/licenses/by-nc-sa/4.0/,no
2604.12814v2,CC BY 4.0,http://creativecommons.org/licenses/by/4.0/,yes
2604.12800v1,arXiv non-exclusive,http://arxiv.org/licenses/nonexclusive-distrib/1.0/,no
2604.12794v1,arXiv non-exclusive,http://arxiv.org/licenses/nonexclusive-distrib/1.0/,no
2604.12788v1,CC BY 4.0,http://creativecommons.org/licenses/by/4.0/,yes
2604.12779v2,arXiv non-exclusive,http://arxiv.org/licenses/nonexclusive-distrib/1.0/,no
2604.12778v1,CC BY-SA 4.0,http://creativecommons.org/licenses/by-sa/4.0/,yes
2604.12764v1,arXiv non-exclusive,http://arxiv.org/licenses/nonexclusive-distrib/1.0/,no
2604.12729v1,CC BY 4.0,http://creativecommons.org/licenses/by/4.0/,yes
2604.12711v1,CC BY 4.0,http://creativecommons.org/licenses/by/4.0/,yes
2604.12699v1,CC BY 4.0,http://creativecommons.org/licenses/by/4.0/,yes
2604.12685v1,arXiv non-exclusive,http://arxiv.org/licenses/nonexclusive-distrib/1.0/,no
2604.12639v1,CC BY-NC-ND 4.0,http://creativecommons.org/licenses/by-nc-nd/4.0/,no
2604.12638v1,CC BY-NC-ND 4.0,http://creativecommons.org/licenses/by-nc-nd/4.0/,no
2604.13139v1,CC BY 4.0,http://creativecommons.org/licenses/by/4.0/,yes
2604.12607v1,CC BY 4.0,http://creativecommons.org/licenses/by/4.0/,yes
2604.12605v1,arXiv non-exclusive,http://arxiv.org/licenses/nonexclusive-distrib/1.0/,no
2604.12604v2,CC BY-NC-SA 4.0,http://creativecommons.org/licenses/by-nc-sa/4.0/,no
2604.12602v1,CC BY-NC-ND 4.0,http://creativecommons.org/licenses/by-nc-nd/4.0/,no
2604.12598v1,CC BY 4.0,http://creativecommons.org/licenses/by/4.0/,yes
2604.12572v1,CC BY 4.0,http://creativecommons.org/licenses/by/4.0/,yes
2604.12564v1,CC BY 4.0,http://creativecommons.org/licenses/by/4.0/,yes
2604.12562v1,CC BY 4.0,http://creativecommons.org/licenses/by/4.0/,yes
2604.12546v1,arXiv non-exclusive,http://arxiv.org/licenses/nonexclusive-distrib/1.0/,no
2604.12523v1,CC BY 4.0,http://creativecommons.org/licenses/by/4.0/,yes
2604.12514v1,CC BY 4.0,http://creativecommons.org/licenses/by/4.0/,yes
2604.12485v1,CC BY 4.0,http://creativecommons.org/licenses/by/4.0/,yes
2604.12478v1,arXiv non-exclusive,http://arxiv.org/licenses/nonexclusive-distrib/1.0/,no
2604.12448v1,arXiv non-exclusive,http://arxiv.org/licenses/nonexclusive-distrib/1.0/,no
2604.12413v1,arXiv non-exclusive,http://arxiv.org/licenses/nonexclusive-distrib/1.0/,no
2604.12395v1,CC BY 4.0,http://creativecommons.org/licenses/by/4.0/,yes
2604.12386v1,arXiv non-exclusive,http://arxiv.org/licenses/nonexclusive-distrib/1.0/,no
2604.12369v1,CC BY 4.0,http://creativecommons.org/licenses/by/4.0/,yes
2604.12364v1,CC BY 4.0,http://creativecommons.org/licenses/by/4.0/,yes
2604.12272v1,CC BY 4.0,http://creativecommons.org/licenses/by/4.0/,yes
2604.12269v1,CC BY 4.0,http://creativecommons.org/licenses/by/4.0/,yes
2604.12264v1,arXiv non-exclusive,http://arxiv.org/licenses/nonexclusive-distrib/1.0/,no
2604.19806v1,CC BY 4.0,http://creativecommons.org/licenses/by/4.0/,yes
2604.12198v1,CC BY 4.0,http://creativecommons.org/licenses/by/4.0/,yes
2604.12170v1,CC BY 4.0,http://creativecommons.org/licenses/by/4.0/,yes
2604.12140v1,arXiv non-exclusive,http://arxiv.org/licenses/nonexclusive-distrib/1.0/,no
2604.12117v1,CC BY-NC-SA 4.0,http://creativecommons.org/licenses/by-nc-sa/4.0/,no
2604.12101v1,arXiv non-exclusive,http://arxiv.org/licenses/nonexclusive-distrib/1.0/,no
2604.12094v1,CC BY 4.0,http://creativecommons.org/licenses/by/4.0/,yes
2604.12080v1,arXiv non-exclusive,http://arxiv.org/licenses/nonexclusive-distrib/1.0/,no
2604.12077v1,CC BY 4.0,http://creativecommons.org/licenses/by/4.0/,yes
2604.12074v1,CC BY-NC-ND 4.0,http://creativecommons.org/licenses/by-nc-nd/4.0/,no
2604.12058v1,arXiv non-exclusive,http://arxiv.org/licenses/nonexclusive-distrib/1.0/,no
2604.12014v1,CC BY-NC-ND 4.0,http://creativecommons.org/licenses/by-nc-nd/4.0/,no
2604.12008v1,CC BY-SA 4.0,http://creativecommons.org/licenses/by-sa/4.0/,yes
2604.21929v1,CC BY 4.0,http://creativecommons.org/licenses/by/4.0/,yes
2604.21925v1,arXiv non-exclusive,http://arxiv.org/licenses/nonexclusive-distrib/1.0/,no
2604.21906v1,arXiv non-exclusive,http://arxiv.org/licenses/nonexclusive-distrib/1.0/,no
2604.21888v1,arXiv non-exclusive,http://arxiv.org/licenses/nonexclusive-distrib/1.0/,no
2604.21887v1,CC BY-NC-ND 4.0,http://creativecommons.org/licenses/by-nc-nd/4.0/,no
2604.21884v1,CC BY 4.0,http://creativecommons.org/licenses/by/4.0/,yes
2604.21868v1,CC BY 4.0,http://creativecommons.org/licenses/by/4.0/,yes
2604.21865v1,arXiv non-exclusive,http://arxiv.org/licenses/nonexclusive-distrib/1.0/,no
2604.21855v1,arXiv non-exclusive,http://arxiv.org/licenses/nonexclusive-distrib/1.0/,no
2604.21851v1,CC BY 4.0,http://creativecommons.org/licenses/by/4.0/,yes
2604.21844v1,CC BY-NC-ND 4.0,http://creativecommons.org/licenses/by-nc-nd/4.0/,no
2604.21834v1,CC BY 4.0,http://creativecommons.org/licenses/by/4.0/,yes
2604.21833v1,CC BY-SA 4.0,http://creativecommons.org/licenses/by-sa/4.0/,yes
2604.21821v1,CC BY-NC-ND 4.0,http://creativecommons.org/licenses/by-nc-nd/4.0/,no
2604.21818v1,arXiv non-exclusive,http://arxiv.org/licenses/nonexclusive-distrib/1.0/,no
2604.21815v1,arXiv non-exclusive,http://arxiv.org/licenses/nonexclusive-distrib/1.0/,no
2604.21799v1,CC BY 4.0,http://creativecommons.org/licenses/by/4.0/,yes
2604.21777v1,arXiv non-exclusive,http://arxiv.org/licenses/nonexclusive-distrib/1.0/,no
2604.21756v1,CC BY 4.0,http://creativecommons.org/licenses/by/4.0/,yes
2604.21752v1,arXiv non-exclusive,http://arxiv.org/licenses/nonexclusive-distrib/1.0/,no
2604.21738v1,arXiv non-exclusive,http://arxiv.org/licenses/nonexclusive-distrib/1.0/,no
2604.21734v1,CC0 1.0,http://creativecommons.org/publicdomain/zero/1.0/,yes
2604.21719v1,arXiv non-exclusive,http://arxiv.org/licenses/nonexclusive-distrib/1.0/,no
2604.21697v1,arXiv non-exclusive,http://arxiv.org/licenses/nonexclusive-distrib/1.0/,no
2604.21678v1,CC BY 4.0,http://creativecommons.org/licenses/by/4.0/,yes
2604.21674v1,CC BY-NC-SA 4.0,http://creativecommons.org/licenses/by-nc-sa/4.0/,no
2604.21661v1,arXiv non-exclusive,http://arxiv.org/licenses/nonexclusive-distrib/1.0/,no
2604.21653v1,CC BY-NC-ND 4.0,http://creativecommons.org/licenses/by-nc-nd/4.0/,no
2604.21648v1,arXiv non-exclusive,http://arxiv.org/licenses/nonexclusive-distrib/1.0/,no
2604.21630v1,CC BY 4.0,http://creativecommons.org/licenses/by/4.0/,yes
2604.21619v1,arXiv non-exclusive,http://arxiv.org/licenses/nonexclusive-distrib/1.0/,no
2604.21607v1,CC BY-NC-ND 4.0,http://creativecommons.org/licenses/by-nc-nd/4.0/,no
2604.21600v1,CC BY 4.0,http://creativecommons.org/licenses/by/4.0/,yes
2604.21597v1,CC BY 4.0,http://creativecommons.org/licenses/by/4.0/,yes
2604.21591v1,arXiv non-exclusive,http://arxiv.org/licenses/nonexclusive-distrib/1.0/,no
2604.21589v1,CC BY 4.0,http://creativecommons.org/licenses/by/4.0/,yes
2604.21588v1,CC BY 4.0,http://creativecommons.org/licenses/by/4.0/,yes
2604.21582v1,CC BY 4.0,http://creativecommons.org/licenses/by/4.0/,yes
2604.21577v1,arXiv non-exclusive,http://arxiv.org/licenses/nonexclusive-distrib/1.0/,no
2604.21576v1,arXiv non-exclusive,http://arxiv.org/licenses/nonexclusive-distrib/1.0/,no
2604.21558v1,CC BY 4.0,http://creativecommons.org/licenses/by/4.0/,yes
2604.21551v1,arXiv non-exclusive,http://arxiv.org/licenses/nonexclusive-distrib/1.0/,no
2604.21526v1,CC BY 4.0,http://creativecommons.org/licenses/by/4.0/,yes
2604.21514v1,CC BY 4.0,http://creativecommons.org/licenses/by/4.0/,yes
2604.21482v1,CC BY-NC-ND 4.0,http://creativecommons.org/licenses/by-nc-nd/4.0/,no
2604.21470v1,arXiv non-exclusive,http://arxiv.org/licenses/nonexclusive-distrib/1.0/,no
2604.21451v1,arXiv non-exclusive,http://arxiv.org/licenses/nonexclusive-distrib/1.0/,no
2604.21443v1,CC BY 4.0,http://creativecommons.org/licenses/by/4.0/,yes
2604.21392v1,arXiv non-exclusive,http://arxiv.org/licenses/nonexclusive-distrib/1.0/,no
2604.21389v1,CC BY-NC-ND 4.0,http://creativecommons.org/licenses/by-nc-nd/4.0/,no
2604.21371v1,CC BY 4.0,http://creativecommons.org/licenses/by/4.0/,yes
2604.21368v1,arXiv non-exclusive,http://arxiv.org/licenses/nonexclusive-distrib/1.0/,no
2604.21367v1,arXiv non-exclusive,http://arxiv.org/licenses/nonexclusive-distrib/1.0/,no
2604.21358v1,CC BY 4.0,http://creativecommons.org/licenses/by/4.0/,yes
2604.21339v1,arXiv non-exclusive,http://arxiv.org/licenses/nonexclusive-distrib/1.0/,no
2604.21329v1,arXiv non-exclusive,http://arxiv.org/licenses/nonexclusive-distrib/1.0/,no
2604.21319v1,CC BY 4.0,http://creativecommons.org/licenses/by/4.0/,yes
2604.21314v1,arXiv non-exclusive,http://arxiv.org/licenses/nonexclusive-distrib/1.0/,no
2604.21303v1,CC BY 4.0,http://creativecommons.org/licenses/by/4.0/,yes
2604.21273v1,arXiv non-exclusive,http://arxiv.org/licenses/nonexclusive-distrib/1.0/,no
2604.21259v1,arXiv non-exclusive,http://arxiv.org/licenses/nonexclusive-distrib/1.0/,no
2604.21248v1,arXiv non-exclusive,http://arxiv.org/licenses/nonexclusive-distrib/1.0/,no
2604.21228v1,CC BY 4.0,http://creativecommons.org/licenses/by/4.0/,yes
2604.21217v1,arXiv non-exclusive,http://arxiv.org/licenses/nonexclusive-distrib/1.0/,no
2604.21200v1,CC BY-NC-ND 4.0,http://creativecommons.org/licenses/by-nc-nd/4.0/,no
2604.21195v1,CC BY 4.0,http://creativecommons.org/licenses/by/4.0/,yes
2604.21183v1,arXiv non-exclusive,http://arxiv.org/licenses/nonexclusive-distrib/1.0/,no
2604.21179v1,arXiv non-exclusive,http://arxiv.org/licenses/nonexclusive-distrib/1.0/,no
2604.21177v1,arXiv non-exclusive,http://arxiv.org/licenses/nonexclusive-distrib/1.0/,no
2604.21171v1,CC BY 4.0,http://creativecommons.org/licenses/by/4.0/,yes
2604.21167v1,CC BY 4.0,http://creativecommons.org/licenses/by/4.0/,yes
2604.21157v1,arXiv non-exclusive,http://arxiv.org/licenses/nonexclusive-distrib/1.0/,no
2604.21156v1,arXiv non-exclusive,http://arxiv.org/licenses/nonexclusive-distrib/1.0/,no
2604.21143v1,arXiv non-exclusive,http://arxiv.org/licenses/nonexclusive-distrib/1.0/,no
2604.21135v1,arXiv non-exclusive,http://arxiv.org/licenses/nonexclusive-distrib/1.0/,no
2604.21132v1,arXiv non-exclusive,http://arxiv.org/licenses/nonexclusive-distrib/1.0/,no
2604.21110v1,arXiv non-exclusive,http://arxiv.org/licenses/nonexclusive-distrib/1.0/,no
2604.21086v1,arXiv non-exclusive,http://arxiv.org/licenses/nonexclusive-distrib/1.0/,no
2604.21074v1,arXiv non-exclusive,http://arxiv.org/licenses/nonexclusive-distrib/1.0/,no
2604.21065v1,CC BY 4.0,http://creativecommons.org/licenses/by/4.0/,yes
2604.21062v1,arXiv non-exclusive,http://arxiv.org/licenses/nonexclusive-distrib/1.0/,no
2604.21049v1,arXiv non-exclusive,http://arxiv.org/licenses/nonexclusive-distrib/1.0/,no
2604.21048v1,arXiv non-exclusive,http://arxiv.org/licenses/nonexclusive-distrib/1.0/,no
2604.21047v1,arXiv non-exclusive,http://arxiv.org/licenses/nonexclusive-distrib/1.0/,no
2604.21024v1,CC BY 4.0,http://creativecommons.org/licenses/by/4.0/,yes
2604.21002v1,arXiv non-exclusive,http://arxiv.org/licenses/nonexclusive-distrib/1.0/,no
2604.20998v1,arXiv non-exclusive,http://arxiv.org/licenses/nonexclusive-distrib/1.0/,no
2604.20991v1,CC BY-NC-ND 4.0,http://creativecommons.org/licenses/by-nc-nd/4.0/,no
2604.20984v1,arXiv non-exclusive,http://arxiv.org/licenses/nonexclusive-distrib/1.0/,no
2604.20970v1,CC BY 4.0,http://creativecommons.org/licenses/by/4.0/,yes
2604.20962v1,CC BY 4.0,http://creativecommons.org/licenses/by/4.0/,yes
2604.20832v1,arXiv non-exclusive,http://arxiv.org/licenses/nonexclusive-distrib/1.0/,no
2604.20818v1,CC BY 4.0,http://creativecommons.org/licenses/by/4.0/,yes
2604.20815v1,CC BY 4.0,http://creativecommons.org/licenses/by/4.0/,yes
2604.20812v1,CC BY 4.0,http://creativecommons.org/licenses/by/4.0/,yes
2604.20798v1,CC BY 4.0,http://creativecommons.org/licenses/by/4.0/,yes
2604.20794v1,CC BY 4.0,http://creativecommons.org/licenses/by/4.0/,yes
2604.20787v1,CC BY 4.0,http://creativecommons.org/licenses/by/4.0/,yes
2604.20785v1,arXiv non-exclusive,http://arxiv.org/licenses/nonexclusive-distrib/1.0/,no
2604.20778v1,CC BY 4.0,http://creativecommons.org/licenses/by/4.0/,yes
2604.20774v1,arXiv non-exclusive,http://arxiv.org/licenses/nonexclusive-distrib/1.0/,no
2604.20766v1,CC BY 4.0,http://creativecommons.org/licenses/by/4.0/,yes
2604.20751v1,arXiv non-exclusive,http://arxiv.org/licenses/nonexclusive-distrib/1.0/,no
2604.20750v1,arXiv non-exclusive,http://arxiv.org/licenses/nonexclusive-distrib/1.0/,no
2604.20740v1,CC BY-NC-ND 4.0,http://creativecommons.org/licenses/by-nc-nd/4.0/,no
2604.20724v1,CC BY-NC-ND 4.0,http://creativecommons.org/licenses/by-nc-nd/4.0/,no
2604.20710v1,CC BY 4.0,http://creativecommons.org/licenses/by/4.0/,yes
2604.20708v1,arXiv non-exclusive,http://arxiv.org/licenses/nonexclusive-distrib/1.0/,no
2604.20695v1,arXiv non-exclusive,http://arxiv.org/licenses/nonexclusive-distrib/1.0/,no
2604.20683v1,arXiv non-exclusive,http://arxiv.org/licenses/nonexclusive-distrib/1.0/,no
2604.20674v1,CC BY 4.0,http://creativecommons.org/licenses/by/4.0/,yes
2604.20662v1,arXiv non-exclusive,http://arxiv.org/licenses/nonexclusive-distrib/1.0/,no
2604.20653v2,arXiv non-exclusive,http://arxiv.org/licenses/nonexclusive-distrib/1.0/,no
2604.20649v1,arXiv non-exclusive,http://arxiv.org/licenses/nonexclusive-distrib/1.0/,no
2604.20637v1,arXiv non-exclusive,http://arxiv.org/licenses/nonexclusive-distrib/1.0/,no
2604.20635v1,arXiv non-exclusive,http://arxiv.org/licenses/nonexclusive-distrib/1.0/,no
2604.20634v1,CC BY 4.0,http://creativecommons.org/licenses/by/4.0/,yes
2604.20633v1,arXiv non-exclusive,http://arxiv.org/licenses/nonexclusive-distrib/1.0/,no
2604.20629v1,CC BY 4.0,http://creativecommons.org/licenses/by/4.0/,yes
2604.20628v1,arXiv non-exclusive,http://arxiv.org/licenses/nonexclusive-distrib/1.0/,no
2604.20614v1,arXiv non-exclusive,http://arxiv.org/licenses/nonexclusive-distrib/1.0/,no
2604.20612v1,arXiv non-exclusive,http://arxiv.org/licenses/nonexclusive-distrib/1.0/,no
2604.20608v1,arXiv non-exclusive,http://arxiv.org/licenses/nonexclusive-distrib/1.0/,no
2604.20590v1,CC BY-NC-ND 4.0,http://creativecommons.org/licenses/by-nc-nd/4.0/,no
2604.20589v1,CC BY 4.0,http://creativecommons.org/licenses/by/4.0/,yes
2604.20578v1,CC BY 4.0,http://creativecommons.org/licenses/by/4.0/,yes
2604.20571v1,arXiv non-exclusive,http://arxiv.org/licenses/nonexclusive-distrib/1.0/,no
2604.20562v1,CC BY 4.0,http://creativecommons.org/licenses/by/4.0/,yes
2604.20550v1,arXiv non-exclusive,http://arxiv.org/licenses/nonexclusive-distrib/1.0/,no
2604.20541v1,CC BY 4.0,http://creativecommons.org/licenses/by/4.0/,yes
2604.20536v1,CC BY 4.0,http://creativecommons.org/licenses/by/4.0/,yes
2604.20529v1,CC BY 4.0,http://creativecommons.org/licenses/by/4.0/,yes
2604.20520v1,arXiv non-exclusive,http://arxiv.org/licenses/nonexclusive-distrib/1.0/,no
2604.20517v1,arXiv non-exclusive,http://arxiv.org/licenses/nonexclusive-distrib/1.0/,no
2604.20514v1,CC BY 4.0,http://creativecommons.org/licenses/by/4.0/,yes
2604.20513v1,arXiv non-exclusive,http://arxiv.org/licenses/nonexclusive-distrib/1.0/,no
2604.20509v1,arXiv non-exclusive,http://arxiv.org/licenses/nonexclusive-distrib/1.0/,no
2604.20506v1,arXiv non-exclusive,http://arxiv.org/licenses/nonexclusive-distrib/1.0/,no
2604.20501v1,arXiv non-exclusive,http://arxiv.org/licenses/nonexclusive-distrib/1.0/,no
2604.20475v1,arXiv non-exclusive,http://arxiv.org/licenses/nonexclusive-distrib/1.0/,no
2604.20469v1,CC BY 4.0,http://creativecommons.org/licenses/by/4.0/,yes
2604.20448v1,arXiv non-exclusive,http://arxiv.org/licenses/nonexclusive-distrib/1.0/,no
2604.20435v1,arXiv non-exclusive,http://arxiv.org/licenses/nonexclusive-distrib/1.0/,no
2604.20430v1,CC BY 4.0,http://creativecommons.org/licenses/by/4.0/,yes
2604.20427v1,arXiv non-exclusive,http://arxiv.org/licenses/nonexclusive-distrib/1.0/,no
2604.20422v1,arXiv non-exclusive,http://arxiv.org/licenses/nonexclusive-distrib/1.0/,no
2604.20414v1,CC BY 4.0,http://creativecommons.org/licenses/by/4.0/,yes
2604.20400v1,arXiv non-exclusive,http://arxiv.org/licenses/nonexclusive-distrib/1.0/,no
2604.20383v1,arXiv non-exclusive,http://arxiv.org/licenses/nonexclusive-distrib/1.0/,no
2604.20375v1,arXiv non-exclusive,http://arxiv.org/licenses/nonexclusive-distrib/1.0/,no
2604.20369v1,arXiv non-exclusive,http://arxiv.org/licenses/nonexclusive-distrib/1.0/,no
2604.20929v1,arXiv non-exclusive,http://arxiv.org/licenses/nonexclusive-distrib/1.0/,no
2604.20360v1,arXiv non-exclusive,http://arxiv.org/licenses/nonexclusive-distrib/1.0/,no
2604.20343v1,CC BY 4.0,http://creativecommons.org/licenses/by/4.0/,yes
2604.20339v1,arXiv non-exclusive,http://arxiv.org/licenses/nonexclusive-distrib/1.0/,no
2604.20330v1,CC BY 4.0,http://creativecommons.org/licenses/by/4.0/,yes
2604.20320v1,CC BY 4.0,http://creativecommons.org/licenses/by/4.0/,yes
2604.20298v1,arXiv non-exclusive,http://arxiv.org/licenses/nonexclusive-distrib/1.0/,no
2604.20284v1,arXiv non-exclusive,http://arxiv.org/licenses/nonexclusive-distrib/1.0/,no
2604.20282v1,arXiv non-exclusive,http://arxiv.org/licenses/nonexclusive-distrib/1.0/,no
2604.20264v1,arXiv non-exclusive,http://arxiv.org/licenses/nonexclusive-distrib/1.0/,no
2604.20257v1,arXiv non-exclusive,http://arxiv.org/licenses/nonexclusive-distrib/1.0/,no
2604.20219v1,arXiv non-exclusive,http://arxiv.org/licenses/nonexclusive-distrib/1.0/,no
2604.20218v1,CC BY 4.0,http://creativecommons.org/licenses/by/4.0/,yes
2604.20208v1,CC BY 4.0,http://creativecommons.org/licenses/by/4.0/,yes
2604.20188v1,arXiv non-exclusive,http://arxiv.org/licenses/nonexclusive-distrib/1.0/,no
2604.20187v1,arXiv non-exclusive,http://arxiv.org/licenses/nonexclusive-distrib/1.0/,no
2604.20177v1,arXiv non-exclusive,http://arxiv.org/licenses/nonexclusive-distrib/1.0/,no
2604.20172v1,CC BY 4.0,http://creativecommons.org/licenses/by/4.0/,yes
2604.20147v1,arXiv non-exclusive,http://arxiv.org/licenses/nonexclusive-distrib/1.0/,no
2604.20137v1,arXiv non-exclusive,http://arxiv.org/licenses/nonexclusive-distrib/1.0/,no
2604.20915v1,CC BY 4.0,http://creativecommons.org/licenses/by/4.0/,yes
2604.20113v1,arXiv non-exclusive,http://arxiv.org/licenses/nonexclusive-distrib/1.0/,no
2604.20110v1,arXiv non-exclusive,http://arxiv.org/licenses/nonexclusive-distrib/1.0/,no
2604.20109v1,CC BY 4.0,http://creativecommons.org/licenses/by/4.0/,yes
2604.20107v1,arXiv non-exclusive,http://arxiv.org/licenses/nonexclusive-distrib/1.0/,no
2604.20097v1,CC BY 4.0,http://creativecommons.org/licenses/by/4.0/,yes
2604.20072v1,CC BY 4.0,http://creativecommons.org/licenses/by/4.0/,yes
2604.20058v1,arXiv non-exclusive,http://arxiv.org/licenses/nonexclusive-distrib/1.0/,no
2604.20044v2,arXiv non-exclusive,http://arxiv.org/licenses/nonexclusive-distrib/1.0/,no
2604.20042v1,CC BY 4.0,http://creativecommons.org/licenses/by/4.0/,yes
2604.20034v1,arXiv non-exclusive,http://arxiv.org/licenses/nonexclusive-distrib/1.0/,no
2604.20031v1,arXiv non-exclusive,http://arxiv.org/licenses/nonexclusive-distrib/1.0/,no
2604.20025v1,CC BY 4.0,http://creativecommons.org/licenses/by/4.0/,yes
2604.20018v1,arXiv non-exclusive,http://arxiv.org/licenses/nonexclusive-distrib/1.0/,no
2604.20016v1,CC BY 4.0,http://creativecommons.org/licenses/by/4.0/,yes
2604.20009v1,CC BY 4.0,http://creativecommons.org/licenses/by/4.0/,yes
2604.20005v1,arXiv non-exclusive,http://arxiv.org/licenses/nonexclusive-distrib/1.0/,no
2604.20004v1,arXiv non-exclusive,http://arxiv.org/licenses/nonexclusive-distrib/1.0/,no
2604.19994v1,CC BY 4.0,http://creativecommons.org/licenses/by/4.0/,yes
2604.20907v1,arXiv non-exclusive,http://arxiv.org/licenses/nonexclusive-distrib/1.0/,no
2604.19960v1,CC BY 4.0,http://creativecommons.org/licenses/by/4.0/,yes
2604.19948v1,arXiv non-exclusive,http://arxiv.org/licenses/nonexclusive-distrib/1.0/,no
2604.19947v1,CC BY 4.0,http://creativecommons.org/licenses/by/4.0/,yes
2604.19938v1,arXiv non-exclusive,http://arxiv.org/licenses/nonexclusive-distrib/1.0/,no
2604.20905v1,CC BY 4.0,http://creativecommons.org/licenses/by/4.0/,yes
2604.19924v1,arXiv non-exclusive,http://arxiv.org/licenses/nonexclusive-distrib/1.0/,no
2604.19910v1,arXiv non-exclusive,http://arxiv.org/licenses/nonexclusive-distrib/1.0/,no
2604.19900v1,arXiv non-exclusive,http://arxiv.org/licenses/nonexclusive-distrib/1.0/,no
2604.19882v1,arXiv non-exclusive,http://arxiv.org/licenses/nonexclusive-distrib/1.0/,no
2604.19861v1,arXiv non-exclusive,http://arxiv.org/licenses/nonexclusive-distrib/1.0/,no
2604.19738v2,arXiv non-exclusive,http://arxiv.org/licenses/nonexclusive-distrib/1.0/,no
2604.19733v1,arXiv non-exclusive,http://arxiv.org/licenses/nonexclusive-distrib/1.0/,no
2604.19731v1,arXiv non-exclusive,http://arxiv.org/licenses/nonexclusive-distrib/1.0/,no
2604.19727v1,arXiv non-exclusive,http://arxiv.org/licenses/nonexclusive-distrib/1.0/,no
2604.19725v1,arXiv non-exclusive,http://arxiv.org/licenses/nonexclusive-distrib/1.0/,no
2604.19721v1,arXiv non-exclusive,http://arxiv.org/licenses/nonexclusive-distrib/1.0/,no
2604.19713v2,CC BY 4.0,http://creativecommons.org/licenses/by/4.0/,yes
2604.19712v1,CC BY 4.0,http://creativecommons.org/licenses/by/4.0/,yes
2604.19708v2,arXiv non-exclusive,http://arxiv.org/licenses/nonexclusive-distrib/1.0/,no
2604.19700v1,CC BY-NC-SA 4.0,http://creativecommons.org/licenses/by-nc-sa/4.0/,no
2604.19698v1,arXiv non-exclusive,http://arxiv.org/licenses/nonexclusive-distrib/1.0/,no
2604.19681v1,arXiv non-exclusive,http://arxiv.org/licenses/nonexclusive-distrib/1.0/,no
2604.19854v1,CC BY 4.0,http://creativecommons.org/licenses/by/4.0/,yes
2604.19646v1,arXiv non-exclusive,http://arxiv.org/licenses/nonexclusive-distrib/1.0/,no
2604.19641v1,CC BY 4.0,http://creativecommons.org/licenses/by/4.0/,yes
2604.19630v1,CC0 1.0,http://creativecommons.org/publicdomain/zero/1.0/,yes
2604.19619v1,arXiv non-exclusive,http://arxiv.org/licenses/nonexclusive-distrib/1.0/,no
2604.20900v1,CC BY 4.0,http://creativecommons.org/licenses/by/4.0/,yes
2604.19601v1,arXiv non-exclusive,http://arxiv.org/licenses/nonexclusive-distrib/1.0/,no
2604.19853v1,arXiv non-exclusive,http://arxiv.org/licenses/nonexclusive-distrib/1.0/,no
2604.19590v1,CC0 1.0,http://creativecommons.org/publicdomain/zero/1.0/,yes
2604.19583v1,CC BY 4.0,http://creativecommons.org/licenses/by/4.0/,yes
2604.19582v1,arXiv non-exclusive,http://arxiv.org/licenses/nonexclusive-distrib/1.0/,no
2604.19575v1,CC0 1.0,http://creativecommons.org/publicdomain/zero/1.0/,yes
2604.19546v1,arXiv non-exclusive,http://arxiv.org/licenses/nonexclusive-distrib/1.0/,no
2604.19535v1,arXiv non-exclusive,http://arxiv.org/licenses/nonexclusive-distrib/1.0/,no
2604.19531v1,arXiv non-exclusive,http://arxiv.org/licenses/nonexclusive-distrib/1.0/,no
2604.19521v1,CC BY 4.0,http://creativecommons.org/licenses/by/4.0/,yes
2604.19504v1,arXiv non-exclusive,http://arxiv.org/licenses/nonexclusive-distrib/1.0/,no
2604.19501v1,arXiv non-exclusive,http://arxiv.org/licenses/nonexclusive-distrib/1.0/,no
2604.19490v1,CC BY 4.0,http://creativecommons.org/licenses/by/4.0/,yes
2604.19486v1,CC BY 4.0,http://creativecommons.org/licenses/by/4.0/,yes
2604.19484v1,arXiv non-exclusive,http://arxiv.org/licenses/nonexclusive-distrib/1.0/,no
2604.19479v1,CC BY 4.0,http://creativecommons.org/licenses/by/4.0/,yes
2604.19466v1,CC BY 4.0,http://creativecommons.org/licenses/by/4.0/,yes
2604.19462v1,CC0 1.0,http://creativecommons.org/publicdomain/zero/1.0/,yes
2604.19450v1,CC BY-NC-ND 4.0,http://creativecommons.org/licenses/by-nc-nd/4.0/,no
2604.19442v1,CC BY 4.0,http://creativecommons.org/licenses/by/4.0/,yes
2604.19441v1,arXiv non-exclusive,http://arxiv.org/licenses/nonexclusive-distrib/1.0/,no
2604.19409v1,CC BY 4.0,http://creativecommons.org/licenses/by/4.0/,yes
2604.19408v1,arXiv non-exclusive,http://arxiv.org/licenses/nonexclusive-distrib/1.0/,no
2604.19380v1,arXiv non-exclusive,http://arxiv.org/licenses/nonexclusive-distrib/1.0/,no
2604.19360v1,CC BY 4.0,http://creativecommons.org/licenses/by/4.0/,yes
2604.19353v1,CC BY 4.0,http://creativecommons.org/licenses/by/4.0/,yes
2604.19336v1,CC BY 4.0,http://creativecommons.org/licenses/by/4.0/,yes
2604.19317v1,CC BY 4.0,http://creativecommons.org/licenses/by/4.0/,yes
2604.19314v1,CC BY 4.0,http://creativecommons.org/licenses/by/4.0/,yes
2604.19308v1,arXiv non-exclusive,http://arxiv.org/licenses/nonexclusive-distrib/1.0/,no
2604.19843v1,arXiv non-exclusive,http://arxiv.org/licenses/nonexclusive-distrib/1.0/,no
2604.19282v1,CC BY 4.0,http://creativecommons.org/licenses/by/4.0/,yes
2604.19272v1,arXiv non-exclusive,http://arxiv.org/licenses/nonexclusive-distrib/1.0/,no
2604.19268v1,CC BY 4.0,http://creativecommons.org/licenses/by/4.0/,yes
2604.19253v1,arXiv non-exclusive,http://arxiv.org/licenses/nonexclusive-distrib/1.0/,no
2604.20892v1,arXiv non-exclusive,http://arxiv.org/licenses/nonexclusive-distrib/1.0/,no
2604.19230v1,CC BY 4.0,http://creativecommons.org/licenses/by/4.0/,yes
2604.19229v1,arXiv non-exclusive,http://arxiv.org/licenses/nonexclusive-distrib/1.0/,no
2604.19227v1,arXiv non-exclusive,http://arxiv.org/licenses/nonexclusive-distrib/1.0/,no
2604.19225v1,arXiv non-exclusive,http://arxiv.org/licenses/nonexclusive-distrib/1.0/,no
2604.19190v1,CC BY-NC-ND 4.0,http://creativecommons.org/licenses/by-nc-nd/4.0/,no
2604.19184v1,arXiv non-exclusive,http://arxiv.org/licenses/nonexclusive-distrib/1.0/,no
2604.19176v1,arXiv non-exclusive,http://arxiv.org/licenses/nonexclusive-distrib/1.0/,no
2604.19174v2,arXiv non-exclusive,http://arxiv.org/licenses/nonexclusive-distrib/1.0/,no
2604.19165v1,arXiv non-exclusive,http://arxiv.org/licenses/nonexclusive-distrib/1.0/,no
2604.19154v1,arXiv non-exclusive,http://arxiv.org/licenses/nonexclusive-distrib/1.0/,no
2604.19150v1,arXiv non-exclusive,http://arxiv.org/licenses/nonexclusive-distrib/1.0/,no
2604.19138v1,arXiv non-exclusive,http://arxiv.org/licenses/nonexclusive-distrib/1.0/,no
2604.19134v1,CC BY 4.0,http://creativecommons.org/licenses/by/4.0/,yes
2604.19130v1,arXiv non-exclusive,http://arxiv.org/licenses/nonexclusive-distrib/1.0/,no
2604.19126v1,CC BY 4.0,http://creativecommons.org/licenses/by/4.0/,yes
2604.19123v1,arXiv non-exclusive,http://arxiv.org/licenses/nonexclusive-distrib/1.0/,no
2604.19094v1,arXiv non-exclusive,http://arxiv.org/licenses/nonexclusive-distrib/1.0/,no
2604.19077v1,arXiv non-exclusive,http://arxiv.org/licenses/nonexclusive-distrib/1.0/,no
2604.19074v1,arXiv non-exclusive,http://arxiv.org/licenses/nonexclusive-distrib/1.0/,no
2604.19067v1,CC BY-NC-SA 4.0,http://creativecommons.org/licenses/by-nc-sa/4.0/,no
2604.19065v1,CC BY 4.0,http://creativecommons.org/licenses/by/4.0/,yes
2604.19030v1,arXiv non-exclusive,http://arxiv.org/licenses/nonexclusive-distrib/1.0/,no
2604.19020v1,CC BY-NC-SA 4.0,http://creativecommons.org/licenses/by-nc-sa/4.0/,no
2604.19018v1,CC BY 4.0,http://creativecommons.org/licenses/by/4.0/,yes
2604.18997v1,CC0 1.0,http://creativecommons.org/publicdomain/zero/1.0/,yes
2604.18991v1,arXiv non-exclusive,http://arxiv.org/licenses/nonexclusive-distrib/1.0/,no
2604.18984v1,arXiv non-exclusive,http://arxiv.org/licenses/nonexclusive-distrib/1.0/,no
2604.18977v1,CC BY-NC-ND 4.0,http://creativecommons.org/licenses/by-nc-nd/4.0/,no
2604.18972v1,CC BY 4.0,http://creativecommons.org/licenses/by/4.0/,yes
2604.18954v1,CC BY 4.0,http://creativecommons.org/licenses/by/4.0/,yes
2604.18952v1,arXiv non-exclusive,http://arxiv.org/licenses/nonexclusive-distrib/1.0/,no
2604.18949v1,CC BY 4.0,http://creativecommons.org/licenses/by/4.0/,yes
2604.18945v1,arXiv non-exclusive,http://arxiv.org/licenses/nonexclusive-distrib/1.0/,no
2604.18931v1,arXiv non-exclusive,http://arxiv.org/licenses/nonexclusive-distrib/1.0/,no
2604.18930v1,arXiv non-exclusive,http://arxiv.org/licenses/nonexclusive-distrib/1.0/,no
2604.18929v1,arXiv non-exclusive,http://arxiv.org/licenses/nonexclusive-distrib/1.0/,no
2604.18926v1,CC BY-NC-ND 4.0,http://creativecommons.org/licenses/by-nc-nd/4.0/,no
2604.18924v1,arXiv non-exclusive,http://arxiv.org/licenses/nonexclusive-distrib/1.0/,no
2604.18903v1,CC BY 4.0,http://creativecommons.org/licenses/by/4.0/,yes
2604.18894v1,arXiv non-exclusive,http://arxiv.org/licenses/nonexclusive-distrib/1.0/,no
2604.18886v1,arXiv non-exclusive,http://arxiv.org/licenses/nonexclusive-distrib/1.0/,no
2604.18876v1,arXiv non-exclusive,http://arxiv.org/licenses/nonexclusive-distrib/1.0/,no
2604.18871v1,arXiv non-exclusive,http://arxiv.org/licenses/nonexclusive-distrib/1.0/,no
2604.18858v1,arXiv non-exclusive,http://arxiv.org/licenses/nonexclusive-distrib/1.0/,no
2604.18855v1,arXiv non-exclusive,http://arxiv.org/licenses/nonexclusive-distrib/1.0/,no
2604.18830v1,arXiv non-exclusive,http://arxiv.org/licenses/nonexclusive-distrib/1.0/,no
2604.18826v1,arXiv non-exclusive,http://arxiv.org/licenses/nonexclusive-distrib/1.0/,no
2604.18824v1,CC BY 4.0,http://creativecommons.org/licenses/by/4.0/,yes
2604.18820v1,CC BY 4.0,http://creativecommons.org/licenses/by/4.0/,yes
2604.18818v1,CC BY 4.0,http://creativecommons.org/licenses/by/4.0/,yes
2604.18813v1,arXiv non-exclusive,http://arxiv.org/licenses/nonexclusive-distrib/1.0/,no
2604.18809v1,CC BY-NC-ND 4.0,http://creativecommons.org/licenses/by-nc-nd/4.0/,no
2604.18793v1,arXiv non-exclusive,http://arxiv.org/licenses/nonexclusive-distrib/1.0/,no
2604.18785v1,arXiv non-exclusive,http://arxiv.org/licenses/nonexclusive-distrib/1.0/,no
2604.18783v1,arXiv non-exclusive,http://arxiv.org/licenses/nonexclusive-distrib/1.0/,no
2604.18769v1,CC BY 4.0,http://creativecommons.org/licenses/by/4.0/,yes
2604.18726v2,CC BY 4.0,http://creativecommons.org/licenses/by/4.0/,yes
2604.18706v1,arXiv non-exclusive,http://arxiv.org/licenses/nonexclusive-distrib/1.0/,no
2604.18571v1,arXiv non-exclusive,http://arxiv.org/licenses/nonexclusive-distrib/1.0/,no
2604.18551v1,arXiv non-exclusive,http://arxiv.org/licenses/nonexclusive-distrib/1.0/,no
2604.18550v2,CC BY 4.0,http://creativecommons.org/licenses/by/4.0/,yes
2604.18546v1,CC BY 4.0,http://creativecommons.org/licenses/by/4.0/,yes
2604.18545v1,arXiv non-exclusive,http://arxiv.org/licenses/nonexclusive-distrib/1.0/,no
2604.18540v1,CC BY 4.0,http://creativecommons.org/licenses/by/4.0/,yes
2604.18526v1,CC BY 4.0,http://creativecommons.org/licenses/by/4.0/,yes
2604.18523v1,arXiv non-exclusive,http://arxiv.org/licenses/nonexclusive-distrib/1.0/,no
2604.18507v2,arXiv non-exclusive,http://arxiv.org/licenses/nonexclusive-distrib/1.0/,no
2604.18498v1,CC BY-NC-ND 4.0,http://creativecommons.org/licenses/by-nc-nd/4.0/,no
2604.18485v1,arXiv non-exclusive,http://arxiv.org/licenses/nonexclusive-distrib/1.0/,no
2604.18481v1,arXiv non-exclusive,http://arxiv.org/licenses/nonexclusive-distrib/1.0/,no
2604.18480v1,CC BY 4.0,http://creativecommons.org/licenses/by/4.0/,yes
2604.18475v1,CC BY 4.0,http://creativecommons.org/licenses/by/4.0/,yes
2604.18470v1,arXiv non-exclusive,http://arxiv.org/licenses/nonexclusive-distrib/1.0/,no
2604.18465v1,arXiv non-exclusive,http://arxiv.org/licenses/nonexclusive-distrib/1.0/,no
2604.18461v1,arXiv non-exclusive,http://arxiv.org/licenses/nonexclusive-distrib/1.0/,no
2604.18458v1,arXiv non-exclusive,http://arxiv.org/licenses/nonexclusive-distrib/1.0/,no
2604.18454v1,CC BY-NC-ND 4.0,http://creativecommons.org/licenses/by-nc-nd/4.0/,no
2604.18453v1,CC BY-NC-ND 4.0,http://creativecommons.org/licenses/by-nc-nd/4.0/,no
2604.18448v1,arXiv non-exclusive,http://arxiv.org/licenses/nonexclusive-distrib/1.0/,no
2604.18432v1,CC BY 4.0,http://creativecommons.org/licenses/by/4.0/,yes
2604.18414v1,arXiv non-exclusive,http://arxiv.org/licenses/nonexclusive-distrib/1.0/,no
2604.18410v1,CC BY 4.0,http://creativecommons.org/licenses/by/4.0/,yes
2604.18408v1,CC BY 4.0,http://creativecommons.org/licenses/by/4.0/,yes
2604.18406v1,CC BY-NC-ND 4.0,http://creativecommons.org/licenses/by-nc-nd/4.0/,no
2604.18403v1,CC BY 4.0,http://creativecommons.org/licenses/by/4.0/,yes
2604.18402v1,CC BY 4.0,http://creativecommons.org/licenses/by/4.0/,yes
2604.18400v1,CC BY 4.0,http://creativecommons.org/licenses/by/4.0/,yes
2604.18369v1,arXiv non-exclusive,http://arxiv.org/licenses/nonexclusive-distrib/1.0/,no
2604.18365v1,arXiv non-exclusive,http://arxiv.org/licenses/nonexclusive-distrib/1.0/,no
2604.18350v1,CC BY 4.0,http://creativecommons.org/licenses/by/4.0/,yes
2604.18333v1,arXiv non-exclusive,http://arxiv.org/licenses/nonexclusive-distrib/1.0/,no
2604.18325v1,arXiv non-exclusive,http://arxiv.org/licenses/nonexclusive-distrib/1.0/,no
2604.18321v1,CC BY 4.0,http://creativecommons.org/licenses/by/4.0/,yes
2604.18318v1,CC BY 4.0,http://creativecommons.org/licenses/by/4.0/,yes
2604.18294v1,CC BY-NC-SA 4.0,http://creativecommons.org/licenses/by-nc-sa/4.0/,no
2604.18288v1,arXiv non-exclusive,http://arxiv.org/licenses/nonexclusive-distrib/1.0/,no
2604.18283v1,arXiv non-exclusive,http://arxiv.org/licenses/nonexclusive-distrib/1.0/,no
2604.18261v1,CC BY 4.0,http://creativecommons.org/licenses/by/4.0/,yes
2604.18253v1,arXiv non-exclusive,http://arxiv.org/licenses/nonexclusive-distrib/1.0/,no
2604.18242v1,arXiv non-exclusive,http://arxiv.org/licenses/nonexclusive-distrib/1.0/,no
2604.18222v1,CC BY 4.0,http://creativecommons.org/licenses/by/4.0/,yes
2604.18211v1,CC BY 4.0,http://creativecommons.org/licenses/by/4.0/,yes
2604.18208v1,CC BY 4.0,http://creativecommons.org/licenses/by/4.0/,yes
2604.18202v1,arXiv non-exclusive,http://arxiv.org/licenses/nonexclusive-distrib/1.0/,no
2604.18195v1,arXiv non-exclusive,http://arxiv.org/licenses/nonexclusive-distrib/1.0/,no
2604.18192v1,CC BY 4.0,http://creativecommons.org/licenses/by/4.0/,yes
2604.18181v2,arXiv non-exclusive,http://arxiv.org/licenses/nonexclusive-distrib/1.0/,no
2604.18172v1,CC BY 4.0,http://creativecommons.org/licenses/by/4.0/,yes
2604.18157v1,arXiv non-exclusive,http://arxiv.org/licenses/nonexclusive-distrib/1.0/,no
2604.18149v1,arXiv non-exclusive,http://arxiv.org/licenses/nonexclusive-distrib/1.0/,no
2604.18147v1,arXiv non-exclusive,http://arxiv.org/licenses/nonexclusive-distrib/1.0/,no
2604.18129v1,CC BY 4.0,http://creativecommons.org/licenses/by/4.0/,yes
2604.18099v2,CC BY 4.0,http://creativecommons.org/licenses/by/4.0/,yes
2604.18074v1,CC BY 4.0,http://creativecommons.org/licenses/by/4.0/,yes
2604.18073v1,CC BY 4.0,http://creativecommons.org/licenses/by/4.0/,yes
2604.18065v1,CC BY 4.0,http://creativecommons.org/licenses/by/4.0/,yes
2604.18042v1,arXiv non-exclusive,http://arxiv.org/licenses/nonexclusive-distrib/1.0/,no
2604.18023v1,arXiv non-exclusive,http://arxiv.org/licenses/nonexclusive-distrib/1.0/,no
2604.18013v1,CC BY-NC-ND 4.0,http://creativecommons.org/licenses/by-nc-nd/4.0/,no
2604.18012v1,arXiv non-exclusive,http://arxiv.org/licenses/nonexclusive-distrib/1.0/,no
2604.18008v1,arXiv non-exclusive,http://arxiv.org/licenses/nonexclusive-distrib/1.0/,no
2604.17996v1,arXiv non-exclusive,http://arxiv.org/licenses/nonexclusive-distrib/1.0/,no
2604.17973v1,arXiv non-exclusive,http://arxiv.org/licenses/nonexclusive-distrib/1.0/,no
2604.17954v1,arXiv non-exclusive,http://arxiv.org/licenses/nonexclusive-distrib/1.0/,no
2604.17947v1,arXiv non-exclusive,http://arxiv.org/licenses/nonexclusive-distrib/1.0/,no
2604.17945v1,arXiv non-exclusive,http://arxiv.org/licenses/nonexclusive-distrib/1.0/,no
2604.17942v1,arXiv non-exclusive,http://arxiv.org/licenses/nonexclusive-distrib/1.0/,no
2604.17924v1,arXiv non-exclusive,http://arxiv.org/licenses/nonexclusive-distrib/1.0/,no
2604.17922v1,arXiv non-exclusive,http://arxiv.org/licenses/nonexclusive-distrib/1.0/,no
2604.17918v1,CC BY-NC-ND 4.0,http://creativecommons.org/licenses/by-nc-nd/4.0/,no
2604.17911v1,CC BY 4.0,http://creativecommons.org/licenses/by/4.0/,yes
2604.17907v1,arXiv non-exclusive,http://arxiv.org/licenses/nonexclusive-distrib/1.0/,no
2604.17901v1,CC BY 4.0,http://creativecommons.org/licenses/by/4.0/,yes
2604.17847v3,CC BY 4.0,http://creativecommons.org/licenses/by/4.0/,yes
2604.17832v1,CC BY 4.0,http://creativecommons.org/licenses/by/4.0/,yes
2604.18651v1,arXiv non-exclusive,http://arxiv.org/licenses/nonexclusive-distrib/1.0/,no
2604.17811v1,arXiv non-exclusive,http://arxiv.org/licenses/nonexclusive-distrib/1.0/,no
2604.18650v1,arXiv non-exclusive,http://arxiv.org/licenses/nonexclusive-distrib/1.0/,no
2604.17809v1,arXiv non-exclusive,http://arxiv.org/licenses/nonexclusive-distrib/1.0/,no
2604.17798v1,CC BY-NC-SA 4.0,http://creativecommons.org/licenses/by-nc-sa/4.0/,no
2604.17775v1,arXiv non-exclusive,http://arxiv.org/licenses/nonexclusive-distrib/1.0/,no
2604.17772v1,arXiv non-exclusive,http://arxiv.org/licenses/nonexclusive-distrib/1.0/,no
2604.17752v1,arXiv non-exclusive,http://arxiv.org/licenses/nonexclusive-distrib/1.0/,no
2604.17742v1,arXiv non-exclusive,http://arxiv.org/licenses/nonexclusive-distrib/1.0/,no
2604.17741v1,arXiv non-exclusive,http://arxiv.org/licenses/nonexclusive-distrib/1.0/,no
2604.17732v1,CC BY 4.0,http://creativecommons.org/licenses/by/4.0/,yes
2604.17711v1,arXiv non-exclusive,http://arxiv.org/licenses/nonexclusive-distrib/1.0/,no
2604.17705v1,CC0 1.0,http://creativecommons.org/publicdomain/zero/1.0/,yes
2604.17703v1,CC BY 4.0,http://creativecommons.org/licenses/by/4.0/,yes
2604.17686v1,CC BY 4.0,http://creativecommons.org/licenses/by/4.0/,yes
2604.17683v1,CC BY 4.0,http://creativecommons.org/licenses/by/4.0/,yes
2604.17676v1,CC BY 4.0,http://creativecommons.org/licenses/by/4.0/,yes
2604.17675v1,CC0 1.0,http://creativecommons.org/publicdomain/zero/1.0/,yes
2604.17664v1,arXiv non-exclusive,http://arxiv.org/licenses/nonexclusive-distrib/1.0/,no
2604.17661v1,arXiv non-exclusive,http://arxiv.org/licenses/nonexclusive-distrib/1.0/,no
2604.17645v1,arXiv non-exclusive,http://arxiv.org/licenses/nonexclusive-distrib/1.0/,no
2604.17613v1,arXiv non-exclusive,http://arxiv.org/licenses/nonexclusive-distrib/1.0/,no
2604.17608v1,arXiv non-exclusive,http://arxiv.org/licenses/nonexclusive-distrib/1.0/,no
2604.17606v1,arXiv non-exclusive,http://arxiv.org/licenses/nonexclusive-distrib/1.0/,no
2604.17603v1,arXiv non-exclusive,http://arxiv.org/licenses/nonexclusive-distrib/1.0/,no
2604.17599v1,arXiv non-exclusive,http://arxiv.org/licenses/nonexclusive-distrib/1.0/,no
2604.17595v1,arXiv non-exclusive,http://arxiv.org/licenses/nonexclusive-distrib/1.0/,no
2604.17589v1,CC BY 4.0,http://creativecommons.org/licenses/by/4.0/,yes
2604.17588v1,CC BY-NC-SA 4.0,http://creativecommons.org/licenses/by-nc-sa/4.0/,no
2604.17578v1,CC BY 4.0,http://creativecommons.org/licenses/by/4.0/,yes
2604.17568v1,arXiv non-exclusive,http://arxiv.org/licenses/nonexclusive-distrib/1.0/,no
2604.17563v1,CC BY 4.0,http://creativecommons.org/licenses/by/4.0/,yes
2604.17560v1,arXiv non-exclusive,http://arxiv.org/licenses/nonexclusive-distrib/1.0/,no
2604.17559v2,arXiv non-exclusive,http://arxiv.org/licenses/nonexclusive-distrib/1.0/,no
2604.18642v1,CC BY-NC-SA 4.0,http://creativecommons.org/licenses/by-nc-sa/4.0/,no
2604.17552v1,arXiv non-exclusive,http://arxiv.org/licenses/nonexclusive-distrib/1.0/,no
2604.17549v1,CC BY 4.0,http://creativecommons.org/licenses/by/4.0/,yes
2604.17548v1,arXiv non-exclusive,http://arxiv.org/licenses/nonexclusive-distrib/1.0/,no
2604.17547v1,arXiv non-exclusive,http://arxiv.org/licenses/nonexclusive-distrib/1.0/,no
2604.17531v1,arXiv non-exclusive,http://arxiv.org/licenses/nonexclusive-distrib/1.0/,no
2604.17528v1,arXiv non-exclusive,http://arxiv.org/licenses/nonexclusive-distrib/1.0/,no
2604.17521v1,CC BY 4.0,http://creativecommons.org/licenses/by/4.0/,yes
2604.17490v1,CC BY 4.0,http://creativecommons.org/licenses/by/4.0/,yes
2604.17471v1,CC BY 4.0,http://creativecommons.org/licenses/by/4.0/,yes
2604.17466v1,arXiv non-exclusive,http://arxiv.org/licenses/nonexclusive-distrib/1.0/,no
2604.17462v1,arXiv non-exclusive,http://arxiv.org/licenses/nonexclusive-distrib/1.0/,no
2604.17457v2,arXiv non-exclusive,http://arxiv.org/licenses/nonexclusive-distrib/1.0/,no
2604.17449v1,CC BY 4.0,http://creativecommons.org/licenses/by/4.0/,yes
2604.17445v1,CC BY 4.0,http://creativecommons.org/licenses/by/4.0/,yes
2604.17424v1,CC BY 4.0,http://creativecommons.org/licenses/by/4.0/,yes
2604.17410v1,arXiv non-exclusive,http://arxiv.org/licenses/nonexclusive-distrib/1.0/,no
2604.17400v1,CC BY-SA 4.0,http://creativecommons.org/licenses/by-sa/4.0/,yes
2604.17395v1,arXiv non-exclusive,http://arxiv.org/licenses/nonexclusive-distrib/1.0/,no
2604.17387v1,arXiv non-exclusive,http://arxiv.org/licenses/nonexclusive-distrib/1.0/,no
2604.18640v1,arXiv non-exclusive,http://arxiv.org/licenses/nonexclusive-distrib/1.0/,no
2604.17332v1,arXiv non-exclusive,http://arxiv.org/licenses/nonexclusive-distrib/1.0/,no
2604.17331v1,CC BY 4.0,http://creativecommons.org/licenses/by/4.0/,yes
2604.17294v1,arXiv non-exclusive,http://arxiv.org/licenses/nonexclusive-distrib/1.0/,no
2604.17292v1,CC BY 4.0,http://creativecommons.org/licenses/by/4.0/,yes
2604.17280v1,CC BY 4.0,http://creativecommons.org/licenses/by/4.0/,yes
2604.17276v1,CC BY 4.0,http://creativecommons.org/licenses/by/4.0/,yes
2604.17275v1,arXiv non-exclusive,http://arxiv.org/licenses/nonexclusive-distrib/1.0/,no
2604.17242v1,arXiv non-exclusive,http://arxiv.org/licenses/nonexclusive-distrib/1.0/,no
2604.17239v1,arXiv non-exclusive,http://arxiv.org/licenses/nonexclusive-distrib/1.0/,no
2604.17236v1,CC BY 4.0,http://creativecommons.org/licenses/by/4.0/,yes
2604.17232v2,arXiv non-exclusive,http://arxiv.org/licenses/nonexclusive-distrib/1.0/,no
2604.17221v1,arXiv non-exclusive,http://arxiv.org/licenses/nonexclusive-distrib/1.0/,no
2604.17213v1,CC BY 4.0,http://creativecommons.org/licenses/by/4.0/,yes
2604.17203v1,CC BY 4.0,http://creativecommons.org/licenses/by/4.0/,yes
2604.17176v1,arXiv non-exclusive,http://arxiv.org/licenses/nonexclusive-distrib/1.0/,no
2604.17165v1,CC BY 4.0,http://creativecommons.org/licenses/by/4.0/,yes
2604.17161v1,CC BY 4.0,http://creativecommons.org/licenses/by/4.0/,yes
2604.17146v1,CC BY 4.0,http://creativecommons.org/licenses/by/4.0/,yes
2604.17136v1,CC BY 4.0,http://creativecommons.org/licenses/by/4.0/,yes
2604.17127v1,arXiv non-exclusive,http://arxiv.org/licenses/nonexclusive-distrib/1.0/,no
2604.17123v1,CC BY 4.0,http://creativecommons.org/licenses/by/4.0/,yes
2604.17120v1,CC BY 4.0,http://creativecommons.org/licenses/by/4.0/,yes
2604.17100v1,arXiv non-exclusive,http://arxiv.org/licenses/nonexclusive-distrib/1.0/,no
2604.17098v1,arXiv non-exclusive,http://arxiv.org/licenses/nonexclusive-distrib/1.0/,no
2604.17096v1,CC BY-NC-ND 4.0,http://creativecommons.org/licenses/by-nc-nd/4.0/,no
2604.17095v1,CC BY 4.0,http://creativecommons.org/licenses/by/4.0/,yes
2604.17069v1,arXiv non-exclusive,http://arxiv.org/licenses/nonexclusive-distrib/1.0/,no
2604.17067v1,arXiv non-exclusive,http://arxiv.org/licenses/nonexclusive-distrib/1.0/,no
2604.17066v1,CC BY 4.0,http://creativecommons.org/licenses/by/4.0/,yes
2604.17043v1,CC BY 4.0,http://creativecommons.org/licenses/by/4.0/,yes
2604.17038v1,arXiv non-exclusive,http://arxiv.org/licenses/nonexclusive-distrib/1.0/,no
2604.17029v1,arXiv non-exclusive,http://arxiv.org/licenses/nonexclusive-distrib/1.0/,no
2604.17011v1,CC BY 4.0,http://creativecommons.org/licenses/by/4.0/,yes
2604.17006v1,CC BY 4.0,http://creativecommons.org/licenses/by/4.0/,yes
2604.17004v1,arXiv non-exclusive,http://arxiv.org/licenses/nonexclusive-distrib/1.0/,no
2604.16998v1,CC BY 4.0,http://creativecommons.org/licenses/by/4.0/,yes
2604.16991v1,CC BY-NC-ND 4.0,http://creativecommons.org/licenses/by-nc-nd/4.0/,no
2604.18629v1,arXiv non-exclusive,http://arxiv.org/licenses/nonexclusive-distrib/1.0/,no
2604.16978v1,arXiv non-exclusive,http://arxiv.org/licenses/nonexclusive-distrib/1.0/,no
2604.16975v1,CC BY 4.0,http://creativecommons.org/licenses/by/4.0/,yes
2604.16906v1,CC BY 4.0,http://creativecommons.org/licenses/by/4.0/,yes
2604.16905v1,arXiv non-exclusive,http://arxiv.org/licenses/nonexclusive-distrib/1.0/,no
2604.16904v2,CC BY 4.0,http://creativecommons.org/licenses/by/4.0/,yes
2604.16888v1,arXiv non-exclusive,http://arxiv.org/licenses/nonexclusive-distrib/1.0/,no
2604.16876v1,arXiv non-exclusive,http://arxiv.org/licenses/nonexclusive-distrib/1.0/,no
2604.16874v1,CC BY 4.0,http://creativecommons.org/licenses/by/4.0/,yes
2604.16873v1,CC BY-NC-ND 4.0,http://creativecommons.org/licenses/by-nc-nd/4.0/,no
2604.16867v1,CC BY 4.0,http://creativecommons.org/licenses/by/4.0/,yes
2604.16842v1,CC BY 4.0,http://creativecommons.org/licenses/by/4.0/,yes
2604.16840v1,arXiv non-exclusive,http://arxiv.org/licenses/nonexclusive-distrib/1.0/,no
2604.18626v1,CC BY-SA 4.0,http://creativecommons.org/licenses/by-sa/4.0/,yes
2604.16828v1,CC BY 4.0,http://creativecommons.org/licenses/by/4.0/,yes
2604.16809v1,CC BY 4.0,http://creativecommons.org/licenses/by/4.0/,yes
2604.16805v1,arXiv non-exclusive,http://arxiv.org/licenses/nonexclusive-distrib/1.0/,no
2604.16802v1,arXiv non-exclusive,http://arxiv.org/licenses/nonexclusive-distrib/1.0/,no
